id,bid,正文,头条文章url,原始图片url,视频url,Live Photo视频url,位置,日期,工具,点赞数,评论数,转发数,话题,@用户,完整日期,是否编辑过,编辑次数,是否原创,源用户id,源用户昵称,源微博id,源微博bid,源微博正文,源微博头条文章url,源微博原始图片url,源微博视频url,源微博Live Photo视频url,源微博位置,源微博日期,源微博工具,源微博点赞数,源微博评论数,源微博转发数,源微博话题,源微博@用户,源微博完整日期,源微博是否编辑过,源微博编辑次数
2077507813241418226,2077507813241418226,"RT @Oaktree: Oaktree Co-Chairman @HowardMarksBook joined the @myfirstmilpod with @theSamParr and @ShaanVP to discuss career advice, investi…",,,,,,2026-07-15T21:37:15,,0,0,7,,Oaktree HowardMarksBook myfirstmilpod theSamParr ShaanVP,2026-07-15 21:37:15,False,0,True,,,,,,,,,,,,,,,,,,,,
2066528290631033115,2066528290631033115,Howard Marks joined @Edels0n and @ProfGalloway on @ProfGMarkets podcast for a wide-ranging conversation about assessing risk amid uncertainty and navigating a world shaped by technological change. Watch/Listen: https://t.co/M2IUF1bg7Z,,,,,,2026-06-15T14:28:33,,112,34,19,,Edels0n ProfGalloway ProfGMarkets,2026-06-15 14:28:33,False,0,True,,,,,,,,,,,,,,,,,,,,
2047403932633166102,2047403932633166102,"RT @SquawkCNBC: “There isn’t a systemic problem with private credit,” says @HowardMarksBook of @Oaktree. https://t.co/EzL32lQbck",,,,,,2026-04-23T19:55:11,,0,0,34,,SquawkCNBC HowardMarksBook Oaktree,2026-04-23 19:55:11,False,0,True,,,,,,,,,,,,,,,,,,,,
2042321349587193881,2042321349587193881,"RT @Oaktree: In his latest memo, @HowardMarksBook examines the evolution of sub-investment grade credit, focusing on the rise of direct len…",,,,,,2026-04-09T19:18:48,,0,0,19,,Oaktree HowardMarksBook,2026-04-09 19:18:48,False,0,True,,,,,,,,,,,,,,,,,,,,
2039018223966785841,2039018223966785841,RT @Oaktree: ICYMI: @HowardMarksBook shares his reflections on themes from Oaktree’s recent client conference in the latest episode of The…,,,,,,2026-03-31T16:33:22,,0,0,10,,Oaktree HowardMarksBook,2026-03-31 16:33:22,False,0,True,,,,,,,,,,,,,,,,,,,,
2036471737202704723,2036471737202704723,"RT @Oaktree: In the latest episode of The Insight: Conversations, @HowardMarksBook shares his reflections on themes from Oaktree’s recent c…",,,,,,2026-03-24T15:54:32,,0,0,13,,Oaktree HowardMarksBook,2026-03-24 15:54:32,False,0,True,,,,,,,,,,,,,,,,,,,,
2027082323360178339,2027082323360178339,"RT @Oaktree: In his latest memo, @HowardMarksBook revisits the subject of AI, providing his observations on its essence; immense power, spe…",,,,,,2026-02-26T18:04:21,,0,0,49,,Oaktree HowardMarksBook,2026-02-26 18:04:21,False,0,True,,,,,,,,,,,,,,,,,,,,
2001380432794062882,2001380432794062882,"RT @Oaktree: ICYMI: @HowardMarksBook recently joined @Bloomberg Surveillance to discuss #AI and his latest memo, Is It a Bubble? Read the…",,,,,,2025-12-17T19:54:13,,0,0,21,AI,Oaktree HowardMarksBook Bloomberg,2025-12-17 19:54:13,False,0,True,,,,,,,,,,,,,,,,,,,,
1999533247361900776,1999533247361900776,RT @Oaktree: Listen to the latest memo from @HowardMarksBook to hear more about the importance of prudence and selectivity in navigating th…,,,,,,2025-12-12T17:34:10,,0,0,32,,Oaktree HowardMarksBook,2025-12-12 17:34:10,False,0,True,,,,,,,,,,,,,,,,,,,,
1998432856696074310,1998432856696074310,"RT @Oaktree: In his latest memo, @HowardMarksBook addresses the question, “Is there a bubble in AI?” He assesses the current landscape, dra…",,,,,,2025-12-09T16:41:36,,0,0,91,,Oaktree HowardMarksBook,2025-12-09 16:41:36,False,0,True,,,,,,,,,,,,,,,,,,,,
1986472791239979254,1986472791239979254,"RT @Oaktree: In his latest memo, @HowardMarksBook examines the recent string of well-publicized credit problems, emphasizing why it’s essen…",,,,,,2025-11-06T16:36:34,,0,0,31,,Oaktree HowardMarksBook,2025-11-06 16:36:34,False,0,True,,,,,,,,,,,,,,,,,,,,
1986422243434607012,1986422243434607012,RT @Oaktree: @HowardMarksBook joined Emily Chan Tan on @CNBCi to discuss how he views #privatecredit compared to public credit at current…,,,,,,2025-11-06T13:15:43,,0,0,12,privatecredit,Oaktree HowardMarksBook CNBCi,2025-11-06 13:15:43,False,0,True,,,,,,,,,,,,,,,,,,,,
1985702769941008433,1985702769941008433,RT @Oaktree: Listen to the latest memo from @HowardMarksBook to hear his thoughts on topics he considers “the most important thing.” #Oaktr…,,,,,,2025-11-04T13:36:47,,0,0,17,Oaktr…,Oaktree HowardMarksBook,2025-11-04 13:36:47,False,0,True,,,,,,,,,,,,,,,,,,,,
1983555866516496421,1983555866516496421,RT @WilfredFrost: I highly recommend my conversation with @HowardMarksBook of @Oaktree - 50 years of investment wisdom and views on the cur…,,,,,,2025-10-29T15:25:45,,0,0,16,,WilfredFrost HowardMarksBook Oaktree,2025-10-29 15:25:45,False,0,True,,,,,,,,,,,,,,,,,,,,
1983191027486994507,1983191027486994507,"RT @Oaktree: In his latest memo, @HowardMarksBook explores key topics covered during his meeting with a state pension fund's board and cons…",,,,,,2025-10-28T15:16:01,,0,0,23,,Oaktree HowardMarksBook,2025-10-28 15:16:01,False,0,True,,,,,,,,,,,,,,,,,,,,
1980334911606386964,1980334911606386964,"RT @Oaktree: In celebration of the 35th anniversary of @HowardMarksBook's memos, we released the first and only complete collection of all…",,,,,,2025-10-20T18:06:50,,0,0,49,,Oaktree HowardMarksBook,2025-10-20 18:06:50,False,0,True,,,,,,,,,,,,,,,,,,,,
1978873244129075343,1978873244129075343,"RT @Oaktree: To celebrate the 35th anniversary of his memos, @HowardMarksBook recently held a fireside chat for Oaktree employees. Listen t…",,,,,,2025-10-16T17:18:41,,0,0,11,,Oaktree HowardMarksBook,2025-10-16 17:18:41,False,0,True,,,,,,,,,,,,,,,,,,,,
1978155177094861203,1978155177094861203,"RT @Oaktree: To celebrate 35 years of @HowardMarksBook’s memos, we’re excited to release The Best of . . . , a curated collection of the me…",,,,,,2025-10-14T17:45:21,,0,0,62,,Oaktree HowardMarksBook,2025-10-14 17:45:21,False,0,True,,,,,,,,,,,,,,,,,,,,
1977823689543705022,1977823689543705022,RT @CNBC: Howard Marks reflects on 35 years of writing market memos loved by Buffett and others on Wall Street https://t.co/lxl79GFbez,,,,,,2025-10-13T19:48:08,,0,0,20,,CNBC,2025-10-13 19:48:08,False,0,True,,,,,,,,,,,,,,,,,,,,
1973065550365360246,1973065550365360246,"RT @Oaktree: Oaktree experts consider the current risks and opportunities in asset classes such as opportunistic credit, real estate, and m…",,,,,,2025-09-30T16:40:59,,0,0,6,,Oaktree,2025-09-30 16:40:59,False,0,True,,,,,,,,,,,,,,,,,,,,
1965585019134706165,1965585019134706165,"RT @ppforumca: 🎙️ Season 3 of WONK is here! 🎉 We’re kicking things off with a big one: legendary investor @HowardMarksBook, co-founder of…",,,,,,2025-09-10T01:16:02,,0,0,5,,ppforumca HowardMarksBook,2025-09-10 01:16:02,False,0,True,,,,,,,,,,,,,,,,,,,,
1963713084796854618,1963713084796854618,"RT @myfirstmilpod: “A lot of people say, ‘we’re not going to try to catch a falling knife.’ And I believe you make the big money catching…",,,,,,2025-09-04T21:17:38,,0,0,55,,myfirstmilpod,2025-09-04 21:17:38,False,0,True,,,,,,,,,,,,,,,,,,,,
1960757663106785353,1960757663106785353,RT @Oaktree: The contractual nature of credit returns may be increasingly compelling given the backdrop of macroeconomic uncertainty and st…,,,,,,2025-08-27T17:33:50,,0,0,9,,Oaktree,2025-08-27 17:33:50,False,0,True,,,,,,,,,,,,,,,,,,,,
1958209079211589685,1958209079211589685,"RT @BloombergTV: Howard Marks, co-chairman at Oaktree Capital Management, says he finds stocks expensive “relative to what I call fundament…",,,,,,2025-08-20T16:46:40,,0,0,37,,BloombergTV,2025-08-20 16:46:40,False,0,True,,,,,,,,,,,,,,,,,,,,
1957517389807210816,1957517389807210816,RT @Oaktree: Listen to the latest memo from @HowardMarksBook to hear his assessment of the critical relationship between price and value. #…,,,,,,2025-08-18T18:58:09,,0,0,16,…,Oaktree HowardMarksBook,2025-08-18 18:58:09,False,0,True,,,,,,,,,,,,,,,,,,,,
1955997310120526324,1955997310120526324,RT @Oaktree: Read the latest memo from @HowardMarksBook to learn about the magnetic influence that value ultimately exerts on price. #Oaktr…,,,,,,2025-08-14T14:17:54,,0,0,49,Oaktr…,Oaktree HowardMarksBook,2025-08-14 14:17:54,False,0,True,,,,,,,,,,,,,,,,,,,,
1953227804134523304,1953227804134523304,RT @nikkei: マネーの米国離れ続く 投資家ハワード・マークス氏 https://t.co/BJKMTPZNKe,,,,,,2025-08-06T22:52:52,,0,0,24,,nikkei,2025-08-06 22:52:52,False,0,True,,,,,,,,,,,,,,,,,,,,
1938324218904473900,1938324218904473900,RT @Oaktree: Oaktree co-chairman @HowardMarksBook was pleased to join Patrick Saner for the opening keynote at CFA Society Switzerland's 20…,,,,,,2025-06-26T19:51:20,,0,0,7,,Oaktree HowardMarksBook,2025-06-26 19:51:20,False,0,True,,,,,,,,,,,,,,,,,,,,
1936146731155988659,1936146731155988659,RT @Oaktree: Listen to the latest memo from @HowardMarksBook to hear why he believes efforts to control free markets often make things much…,,,,,,2025-06-20T19:38:47,,0,0,23,,Oaktree HowardMarksBook,2025-06-20 19:38:47,False,0,True,,,,,,,,,,,,,,,,,,,,
1935354077564592305,1935354077564592305,RT @Oaktree: Read the latest memo from @HowardMarksBook to learn what he thinks are the potential implications of governmental intervention…,,,,,,2025-06-18T15:09:03,,0,0,22,,Oaktree HowardMarksBook,2025-06-18 15:09:03,False,0,True,,,,,,,,,,,,,,,,,,,,
1934688532830015724,1934688532830015724,RT @Oaktree: Co-chairman @HowardMarksBook will deliver the keynote at @InsuranceAUM’s annual meeting in Chicago. Reach out to Greg Halagan…,,,,,,2025-06-16T19:04:25,,0,0,4,,Oaktree HowardMarksBook InsuranceAUM,2025-06-16 19:04:25,False,0,True,,,,,,,,,,,,,,,,,,,,
1925278601865494800,1925278601865494800,"RT @QatarEconForum: ""Risk avoidance ends up in return avoidance. We have to knowingly, intelligently take risk for profit,"" @Oaktree Co-Cha…",,,,,,2025-05-21T19:52:43,,0,0,23,,QatarEconForum Oaktree,2025-05-21 19:52:43,False,0,True,,,,,,,,,,,,,,,,,,,,
1919788615468454144,1919788615468454144,"RT @Oaktree: Listen to an excerpt from a conversation on April 10, 2025 with Howard Marks, Bruce Karsh, and Sheldon Stone in celebration of…",,,,,,2025-05-06T16:17:28,,0,0,8,,Oaktree,2025-05-06 16:17:28,False,0,True,,,,,,,,,,,,,,,,,,,,
1911870866884878697,1911870866884878697,"RT @Oaktree: @HowardMarksBook considers how financial markets may respond to the recent events surrounding tariffs, highlighting the key qu…",,,,,,2025-04-14T19:55:10,,0,0,22,,Oaktree HowardMarksBook,2025-04-14 19:55:10,False,0,True,,,,,,,,,,,,,,,,,,,,
1910053356967715180,1910053356967715180,"RT @Oaktree: In his latest memo, @HowardMarksBook discusses how the recent events surrounding tariffs can have a seismic but unpredictable…",,,,,,2025-04-09T19:33:02,,0,0,67,,Oaktree HowardMarksBook,2025-04-09 19:33:02,False,0,True,,,,,,,,,,,,,,,,,,,,
1909666216631058612,1909666216631058612,RT @tseides: Navigating private credit. My conversation with @HowardMarksBook. https://t.co/6tTUshNWSW With thanks to WCM Investment Mana…,,,,,,2025-04-08T17:54:40,,0,0,17,,tseides HowardMarksBook,2025-04-08 17:54:40,False,0,True,,,,,,,,,,,,,,,,,,,,
1908222152966627687,1908222152966627687,RT @lisaabramowicz1: Oaktree’s Howard Marks: “The state of the world is completely in flux and has been radically changed…This is the bigge…,,,,,,2025-04-04T18:16:28,,0,0,207,,lisaabramowicz1,2025-04-04 18:16:28,False,0,True,,,,,,,,,,,,,,,,,,,,
1907099622729973764,1907099622729973764,RT @SOF_National: New episode drop with @HowardMarksBook the legendary Co-Founderand Co-Chairman of @Oaktree —this isn’t just about investi…,,,,,,2025-04-01T15:55:56,,0,0,24,,SOF_National HowardMarksBook Oaktree,2025-04-01 15:55:56,False,0,True,,,,,,,,,,,,,,,,,,,,
1900307280262029819,1900307280262029819,RT @Oaktree: Oaktree is pleased to announce the opening of Oaktree Hyderabad. The decision to expand our operations in India underscores ou…,,,,,,2025-03-13T22:05:36,,0,0,19,,Oaktree,2025-03-13 22:05:36,False,0,True,,,,,,,,,,,,,,,,,,,,
1898041544969798080,1898041544969798080,"RT @Oaktree: Listen to the latest memo from @HowardMarksBook to hear why he believes credit presently offers a better deal than equities, e…",,,,,,2025-03-07T16:02:22,,0,0,21,,Oaktree HowardMarksBook,2025-03-07 16:02:22,False,0,True,,,,,,,,,,,,,,,,,,,,
1897696826423148774,1897696826423148774,"RT @Oaktree: In his latest memo, @HowardMarksBook addresses a common question he’s been receiving over the last few months: “what about cre…",,,,,,2025-03-06T17:12:35,,0,0,21,,Oaktree HowardMarksBook,2025-03-06 17:12:35,False,0,True,,,,,,,,,,,,,,,,,,,,
1895156902650122339,1895156902650122339,RT @Oaktree: Why does @HowardMarksBook believe bubble thinking is irrational? Listen to the latest episode of Behind the Memo to learn mor…,,,,,,2025-02-27T16:59:50,,0,0,26,,Oaktree HowardMarksBook,2025-02-27 16:59:50,False,0,True,,,,,,,,,,,,,,,,,,,,
1877429812630892654,1877429812630892654,RT @Oaktree: Listen to the latest memo from @HowardMarksBook to hear why he believes bubbles are more a state of mind than a quantitative c…,,,,,,2025-01-09T18:58:42,,0,0,32,,Oaktree HowardMarksBook,2025-01-09 18:58:42,False,0,True,,,,,,,,,,,,,,,,,,,,
1876697770255352092,1876697770255352092,"RT @Oaktree: In his latest memo, @HowardMarksBook revisits the subject of bubbles that he first wrote about 25 years ago, outlining the cau…",,,,,,2025-01-07T18:29:50,,0,0,56,,Oaktree HowardMarksBook,2025-01-07 18:29:50,False,0,True,,,,,,,,,,,,,,,,,,,,
1858955098153775164,1858955098153775164,RT @CNBCi: Market veteran Howard Marks cautions that China's economic growth target is a 'Herculean challenge' https://t.co/KrN23tV4dE,,,,,,2024-11-19T19:26:47,,0,0,16,,CNBCi,2024-11-19 19:26:47,False,0,True,,,,,,,,,,,,,,,,,,,,
1854608373494562826,1854608373494562826,RT @Oaktree: Oaktree co-chairman @HowardMarksBook joined @BarronsOnline Andy Serwer for a discussion on what distinguishes ownership and de…,,,,,,2024-11-07T19:34:27,,0,0,10,,Oaktree HowardMarksBook BarronsOnline,2024-11-07 19:34:27,False,0,True,,,,,,,,,,,,,,,,,,,,
1849145380853702846,1849145380853702846,RT @Oaktree: Listen to the latest memo from @HowardMarksBook to hear what he thinks is the most important decision when considering asset a…,,,,,,2024-10-23T17:46:28,,0,0,26,,Oaktree HowardMarksBook,2024-10-23 17:46:28,False,0,True,,,,,,,,,,,,,,,,,,,,
1848785102563860654,1848785102563860654,RT @Oaktree: Read the latest memo from @HowardMarksBook to learn what he thinks is the most important decision when considering asset alloc…,,,,,,2024-10-22T17:54:51,,0,0,27,,Oaktree HowardMarksBook,2024-10-22 17:54:51,False,0,True,,,,,,,,,,,,,,,,,,,,
1847332456992850177,1847332456992850177,RT @LynnThoman: Listen to legendary investor and co-founder of @Oaktree @HowardMarksBook before you invest another dime. “It's important t…,,,,,,2024-10-18T17:42:34,,0,0,23,,LynnThoman Oaktree HowardMarksBook,2024-10-18 17:42:34,False,0,True,,,,,,,,,,,,,,,,,,,,
1837217146876875146,1837217146876875146,RT @Oaktree: Listen to the latest memo from @HowardMarksBook to hear what he thinks about attempts to regulate the free market. #OaktreeIns…,,,,,,2024-09-20T19:47:56,,0,0,18,OaktreeIns…,Oaktree HowardMarksBook,2024-09-20 19:47:56,False,0,True,,,,,,,,,,,,,,,,,,,,
1834292639081857467,1834292639081857467,"RT @Oaktree: Learn about the true meaning of risk, the relationship between risk and return, and much more in a new ten-part video course f…",,,,,,2024-09-12T18:06:59,,0,0,58,,Oaktree,2024-09-12 18:06:59,False,0,True,,,,,,,,,,,,,,,,,,,,
1831742174397861927,1831742174397861927,"RT @Oaktree: We’re excited to announce the upcoming release of a new video course, “How to Think About Risk with Howard Marks.” The series…",,,,,,2024-09-05T17:12:21,,0,0,238,,Oaktree,2024-09-05 17:12:21,False,0,True,,,,,,,,,,,,,,,,,,,,
1828470876326555962,1828470876326555962,"RT @Oaktree: Listen to @HowardMarksBook discuss his recent memo, The Impact of Debt, with bestselling author @MorganHousel in this special…",,,,,,2024-08-27T16:33:22,,0,0,33,,Oaktree HowardMarksBook MorganHousel,2024-08-27 16:33:22,False,0,True,,,,,,,,,,,,,,,,,,,,
1824129352973570361,1824129352973570361,RT @Oaktree: Watch an excerpt from @HowardMarksBook’s recent presentation at Oaktree Conference 2024 on the massive changes impacting finan…,,,,,,2024-08-15T17:01:43,,0,0,23,,Oaktree HowardMarksBook,2024-08-15 17:01:43,False,0,True,,,,,,,,,,,,,,,,,,,,
1815798359678239090,1815798359678239090,RT @Oaktree: Listen to @HowardMarksBook discuss his recent memo The Indispensability of Risk with Oaktree cofounder Bruce Karsh and chess G…,,,,,,2024-07-23T17:17:19,,0,0,25,,Oaktree HowardMarksBook,2024-07-23 17:17:19,False,0,True,,,,,,,,,,,,,,,,,,,,
1814397196961493349,1814397196961493349,RT @Oaktree: Listen to the latest memo from @HowardMarksBook to hear why he isn’t opining about the potential outcome of the presidential e…,,,,,,2024-07-19T20:29:36,,0,0,23,,Oaktree HowardMarksBook,2024-07-19 20:29:36,False,0,True,,,,,,,,,,,,,,,,,,,,
1813711767572484391,1813711767572484391,"RT @Oaktree: Read the latest memo from @HowardMarksBook to learn why in fields subject to randomness and human emotion, like politics, econ…",,,,,,2024-07-17T23:05:57,,0,0,21,,Oaktree HowardMarksBook,2024-07-17 23:05:57,False,0,True,,,,,,,,,,,,,,,,,,,,
1808167031335690621,1808167031335690621,RT @Oaktree: Find out what @HowardMarksBook and other Oaktree experts discussed during Oaktree Conference 2024 in the special edition of Th…,,,,,,2024-07-02T15:53:09,,0,0,12,,Oaktree HowardMarksBook,2024-07-02 15:53:09,False,0,True,,,,,,,,,,,,,,,,,,,,
1808167001489395855,1808167001489395855,RT @Oaktree: Listen to a special edition of The Roundup to find out what @HowardMarksBook and many key Oaktree thought leaders discussed at…,,,,,,2024-07-02T15:53:01,,0,0,5,,Oaktree HowardMarksBook,2024-07-02 15:53:01,False,0,True,,,,,,,,,,,,,,,,,,,,
1808166989350797744,1808166989350797744,RT @Oaktree: Read this special edition of The Roundup to learn what @HowardMarksBook and other Oaktree experts discussed at Oaktree’s recen…,,,,,,2024-07-02T15:52:59,,0,0,11,,Oaktree HowardMarksBook,2024-07-02 15:52:59,False,0,True,,,,,,,,,,,,,,,,,,,,
1789002749897478437,1789002749897478437,RT @Oaktree: Listen to the latest memo from @HowardMarksBook to hear how he understands the relationship between leverage and longevity. #O…,,,,,,2024-05-10T18:41:08,,0,0,26,O…,Oaktree HowardMarksBook,2024-05-10 18:41:08,False,0,True,,,,,,,,,,,,,,,,,,,,
1788241018996895915,1788241018996895915,RT @Oaktree: Read the latest memo from @HowardMarksBook to learn what he thinks many investors get wrong about leverage. #OaktreeInsights…,,,,,,2024-05-08T16:14:17,,0,0,26,OaktreeInsights…,Oaktree HowardMarksBook,2024-05-08 16:14:17,False,0,True,,,,,,,,,,,,,,,,,,,,
1787586764644724954,1787586764644724954,RT @Oaktree: Where are we are in the current market cycle? Hear the surprising answer from @HowardMarksBook by listening to the latest epis…,,,,,,2024-05-06T20:54:31,,0,0,9,,Oaktree HowardMarksBook,2024-05-06 20:54:31,False,0,True,,,,,,,,,,,,,,,,,,,,
1786404838823080303,1786404838823080303,RT @Oaktree: What pockets of risk and opportunity are emerging in this “unusually uncertain” market environment? Find out what @HowardMarks…,,,,,,2024-05-03T14:37:58,,0,0,9,,Oaktree HowardMarks,2024-05-03 14:37:58,False,0,True,,,,,,,,,,,,,,,,,,,,
1785412520930402745,1785412520930402745,RT @Oaktree: What risks and opportunities are emerging in what @HowardMarksBook calls an “unusually uncertain” investment environment? Find…,,,,,,2024-04-30T20:54:51,,0,0,10,,Oaktree HowardMarksBook,2024-04-30 20:54:51,False,0,True,,,,,,,,,,,,,,,,,,,,
1781013596060750164,1781013596060750164,RT @Oaktree: Listen to the latest memo from @HowardMarksBook to hear what Howard Marks thinks investors can learn from chess grandmaster Ma…,,,,,,2024-04-18T17:35:05,,0,0,24,,Oaktree HowardMarksBook,2024-04-18 17:35:05,False,0,True,,,,,,,,,,,,,,,,,,,,
1780698333868351490,1780698333868351490,RT @Oaktree: Read the latest memo from @HowardMarksBook to learn what chess can teach investors about the paradox of risk-taking. #OaktreeI…,,,,,,2024-04-17T20:42:21,,0,0,24,OaktreeI…,Oaktree HowardMarksBook,2024-04-17 20:42:21,False,0,True,,,,,,,,,,,,,,,,,,,,
1770853338273174000,1770853338273174000,RT @Oaktree: Oaktree Insights is building a new audio archive of some of @HowardMarksBook’s most popular memos. The first release is You Be…,,,,,,2024-03-21T16:41:51,,0,0,28,,Oaktree HowardMarksBook,2024-03-21 16:41:51,False,0,True,,,,,,,,,,,,,,,,,,,,
1765833447321600183,1765833447321600183,"RT @bsurveillance: Howard Marks of Oaktree Capital Management says markets are in a ""zone of reasonableness"" and that there isn't ""anything…",,,,,,2024-03-07T20:14:36,,0,0,42,,bsurveillance,2024-03-07 20:14:36,False,0,True,,,,,,,,,,,,,,,,,,,,
1762526460429115619,1762526460429115619,RT @Oaktree: Co-Chairman @HowardMarksBook discusses his writing process on a recent episode of the How I Write podcast. Watch the full epi…,,,,,,2024-02-27T17:13:48,,0,0,16,,Oaktree HowardMarksBook,2024-02-27 17:13:48,False,0,True,,,,,,,,,,,,,,,,,,,,
1757468687450124590,1757468687450124590,RT @Oaktree: Check out the most recent special episode of Behind the Memo with @HowardMarksBook and @Chancellor_E #OaktreeInsights #Oaktree…,,,,,,2024-02-13T18:16:01,,0,0,25,OaktreeInsights Oaktree…,Oaktree HowardMarksBook Chancellor_E,2024-02-13 18:16:01,False,0,True,,,,,,,,,,,,,,,,,,,,
1755644974757011545,1755644974757011545,"RT @Oaktree: Listen to @HowardMarksBook discuss his latest memo, Easy Money, and the book that inspired it with financial historian @Chance…",,,,,,2024-02-08T17:29:14,,0,0,26,,Oaktree HowardMarksBook Chance,2024-02-08 17:29:14,False,0,True,,,,,,,,,,,,,,,,,,,,
1752862232491512183,1752862232491512183,RT @MerrynSW: Bitcoin or gold? Doesn’t much matter says Howard Marks. These are not the things to hold. What is? Listen in. https://t.co/7f…,,,,,,2024-02-01T01:11:37,,0,0,13,,MerrynSW,2024-02-01 01:11:37,False,0,True,,,,,,,,,,,,,,,,,,,,
1749939591933817099,1749939591933817099,"RT @moneymoverscnbc: ""I believe that over the next 10 years, the fed funds rate...will average somewhere between 3 and 3.5 [percent]."" @Oa…",,,,,,2024-01-23T23:38:05,,0,0,32,,moneymoverscnbc Oa,2024-01-23 23:38:05,False,0,True,,,,,,,,,,,,,,,,,,,,
1745142155310453220,1745142155310453220,RT @Oaktree: Listen to the latest memo from @HowardMarksBook to hear how he thinks the interest rates environment might evolve in the years…,,,,,,2024-01-10T17:54:47,,0,0,28,,Oaktree HowardMarksBook,2024-01-10 17:54:47,False,0,True,,,,,,,,,,,,,,,,,,,,
1744814797479415966,1744814797479415966,"RT @CFAOrlandoFL: New episode w/ @HowardMarksBook, Co-Chairman at @Oaktree , hosted by Steve Curley, CFA &amp; @CC_Rock. We discuss Howard’s ca…",,,,,,2024-01-09T20:13:59,,0,0,15,,CFAOrlandoFL HowardMarksBook Oaktree CC_Rock,2024-01-09 20:13:59,False,0,True,,,,,,,,,,,,,,,,,,,,
1744794344949780679,1744794344949780679,RT @Oaktree: Read the latest memo from @HowardMarksBook to learn what financial history can teach us about periods of easy money and what h…,,,,,,2024-01-09T18:52:43,,0,0,29,,Oaktree HowardMarksBook,2024-01-09 18:52:43,False,0,True,,,,,,,,,,,,,,,,,,,,
1742970589785084176,1742970589785084176,"RT @Oaktree: In the latest episode of The Insight: Conversations, @HowardMarksBook and other Oaktree experts discuss what investors should…",,,,,,2024-01-04T18:05:46,,0,0,10,,Oaktree HowardMarksBook,2024-01-04 18:05:46,False,0,True,,,,,,,,,,,,,,,,,,,,
1735709010874044780,1735709010874044780,RT @Oaktree: Listen to the latest edition of The Roundup to learn what @HowardMarksBook thinks “normal” may mean in today’s financial marke…,,,,,,2023-12-15T17:10:50,,0,0,10,,Oaktree HowardMarksBook,2023-12-15 17:10:50,False,0,True,,,,,,,,,,,,,,,,,,,,
1735348169234379257,1735348169234379257,RT @Oaktree: Read the latest edition of The Roundup to learn what @HowardMarksBook thinks “normal” may mean in today’s financial markets.…,,,,,,2023-12-14T17:16:59,,0,0,8,,Oaktree HowardMarksBook,2023-12-14 17:16:59,False,0,True,,,,,,,,,,,,,,,,,,,,
1734639821690224645,1734639821690224645,RT @Oaktree: Check out the most recent episode of The Insight: Conversations featuring @HowardMarksBook and special guest @AnnieDuke. #Oakt…,,,,,,2023-12-12T18:22:16,,0,0,8,Oakt…,Oaktree HowardMarksBook AnnieDuke,2023-12-12 18:22:16,False,0,True,,,,,,,,,,,,,,,,,,,,
1732823403181101281,1732823403181101281,RT @Oaktree: Check out ten books that gave @HowardMarksBook and others at Oaktree fresh perspectives and essential insights in 2023. #Oaktr…,,,,,,2023-12-07T18:04:28,,0,0,14,Oaktr…,Oaktree HowardMarksBook,2023-12-07 18:04:28,False,0,True,,,,,,,,,,,,,,,,,,,,
1732477114505466170,1732477114505466170,"RT @Oaktree: Former professional poker player and best-selling author @AnnieDuke joins @HowardMarksBook to discuss luck, uncertainty, decis…",,,,,,2023-12-06T19:08:26,,0,0,12,,Oaktree AnnieDuke HowardMarksBook,2023-12-06 19:08:26,False,0,True,,,,,,,,,,,,,,,,,,,,
1730311927299989882,1730311927299989882,RT @Oaktree: Don’t miss the upcoming episode of The Insight: Conversations featuring @HowardMarksBook and special guest @AnnieDuke (former…,,,,,,2023-11-30T19:44:45,,0,0,16,,Oaktree HowardMarksBook AnnieDuke,2023-11-30 19:44:45,False,0,True,,,,,,,,,,,,,,,,,,,,
1729991406343909431,1729991406343909431,"RT @bsurveillance: Howard Marks of Oaktree says Charlie Munger brought a unique combination of ""concentration and patience"" to his partners…",,,,,,2023-11-29T22:31:07,,0,0,30,,bsurveillance,2023-11-29 22:31:07,False,0,True,,,,,,,,,,,,,,,,,,,,
1726689861955125535,1726689861955125535,"RT @kedglobal: The Fed funds rate is more likely to be 2-4% than between 0-2%, which means that investors have to engage in a different for…",,,,,,2023-11-20T19:51:58,,0,0,10,,kedglobal,2023-11-20 19:51:58,False,0,True,,,,,,,,,,,,,,,,,,,,
1724852526787240318,1724852526787240318,RT @Oaktree: Listen to the latest episode of The Insight: Conversations to learn what @HowardMarksBook and Oaktree’s incoming co-CEO think…,,,,,,2023-11-15T18:11:03,,0,0,9,,Oaktree HowardMarksBook,2023-11-15 18:11:03,False,0,True,,,,,,,,,,,,,,,,,,,,
1724501432030872058,1724501432030872058,"RT @hkmagovhk: Panel two with GCM Grosvenor, GLP, @NeubergerBerman and @Oaktree, explored the prospects of diverse asset classes, including…",,,,,,2023-11-14T18:55:55,,0,0,6,,hkmagovhk NeubergerBerman Oaktree,2023-11-14 18:55:55,False,0,True,,,,,,,,,,,,,,,,,,,,
1722399760173367722,1722399760173367722,"RT @business: Oaktree Capital Group continues to look for opportunities in China’s loan market, says Co-Chairman Howard Marks, even as glob…",,,,,,2023-11-08T23:44:38,,0,0,23,,business,2023-11-08 23:44:38,False,0,True,,,,,,,,,,,,,,,,,,,,
1720095004205760819,1720095004205760819,RT @Oaktree: Learn what @HowardMarksBook and Oaktree’s incoming co-CEO think about being in a full return world in this episode of The Insi…,,,,,,2023-11-02T15:06:21,,0,0,8,,Oaktree HowardMarksBook,2023-11-02 15:06:21,False,0,True,,,,,,,,,,,,,,,,,,,,
1714741945803878588,1714741945803878588,"RT @yicaichina: Today is not an opportunity to make a market call, @HowardMarksBook, co-founder and co-chairman of @Oaktree Capital Managem…",,,,,,2023-10-18T20:35:12,,0,0,11,,yicaichina HowardMarksBook Oaktree,2023-10-18 20:35:12,False,0,True,,,,,,,,,,,,,,,,,,,,
1712909300341916017,1712909300341916017,RT @Oaktree: Listen to the latest memo from @HowardMarksBook to hear his new thoughts on the sea change reshaping financial markets: https:…,,,,,,2023-10-13T19:12:56,,0,0,25,,Oaktree HowardMarksBook,2023-10-13 19:12:56,False,0,True,,,,,,,,,,,,,,,,,,,,
1712543509549559979,1712543509549559979,RT @Oaktree: Read the latest memo from @HowardMarksBook to find out more about the sea change altering financial markets. This memo was ori…,,,,,,2023-10-12T18:59:24,,0,0,24,,Oaktree HowardMarksBook,2023-10-12 18:59:24,False,0,True,,,,,,,,,,,,,,,,,,,,
1704511581176898023,1704511581176898023,RT @Oaktree: What does @HowardMarksBook consider one of the fundamental questions in both investing and sports? Learn more about the inspir…,,,,,,2023-09-20T15:03:23,,0,0,14,,Oaktree HowardMarksBook,2023-09-20 15:03:23,False,0,True,,,,,,,,,,,,,,,,,,,,
1702394125893386279,1702394125893386279,RT @Oaktree: Listen to the latest memo from @HowardMarksBook to hear what tennis players can teach investors about risk and strategy: https…,,,,,,2023-09-14T18:49:23,,0,0,54,,Oaktree HowardMarksBook,2023-09-14 18:49:23,False,0,True,,,,,,,,,,,,,,,,,,,,
1701679293238009990,1701679293238009990,RT @Oaktree: Read the latest memo from @HowardMarksBook to learn what he believes is the essential choice in both investing and sports. Re…,,,,,,2023-09-12T19:28:53,,0,0,42,,Oaktree HowardMarksBook,2023-09-12 19:28:53,False,0,True,,,,,,,,,,,,,,,,,,,,
1678471927856517120,1678471927856517120,RT @Oaktree: Listen to @HowardMarksBook discuss what investors should – and shouldn’t – focus on when making a market call: https://t.co/ne…,,,,,,2023-07-10T18:31:06,,0,0,21,,Oaktree HowardMarksBook,2023-07-10 18:31:06,False,0,True,,,,,,,,,,,,,,,,,,,,
1678471906024890373,1678471906024890373,"RT @Oaktree: Listen to the latest memo ""Taking the Temperature"" from @HowardMarksBook to hear what he believes investors should keep in min…",,,,,,2023-07-10T18:31:01,,0,0,32,,Oaktree HowardMarksBook,2023-07-10 18:31:01,False,0,True,,,,,,,,,,,,,,,,,,,,
1678471882830671872,1678471882830671872,RT @Oaktree: Read the latest memo from @HowardMarksBook to learn what he believes matters when making market calls – and why he thinks most…,,,,,,2023-07-10T18:30:56,,0,0,21,,Oaktree HowardMarksBook,2023-07-10 18:30:56,False,0,True,,,,,,,,,,,,,,,,,,,,
1673780413461061632,1673780413461061632,RT @Oaktree: Could this time be different? Find out what Oaktree’s @HowardMarksBook and David Rosenberg think about financial markets today…,,,,,,2023-06-27T19:48:42,,0,0,13,,Oaktree HowardMarksBook,2023-06-27 19:48:42,False,0,True,,,,,,,,,,,,,,,,,,,,
1672282663452041216,1672282663452041216,"RT @INSEAD: In a conversation with our students, the legendary #Investor @HowardMarksBook of @Oaktree Capital Management answered the stude…",,,,,,2023-06-23T16:37:11,,0,0,9,Investor,INSEAD HowardMarksBook Oaktree,2023-06-23 16:37:11,False,0,True,,,,,,,,,,,,,,,,,,,,
1672089405081923584,1672089405081923584,"RT @Oaktree: Listen to the latest edition of ""The Roundup"" to learn what changes and opportunities Oaktree experts are seeing in various as…",,,,,,2023-06-23T03:49:14,,0,0,5,,Oaktree,2023-06-23 03:49:14,False,0,True,,,,,,,,,,,,,,,,,,,,
1672089345149521921,1672089345149521921,"RT @Oaktree: Read the latest edition of ""The Roundup"" to learn which asset class may have the most attractive opportunity set since the GFC…",,,,,,2023-06-23T03:49:00,,0,0,8,,Oaktree,2023-06-23 03:49:00,False,0,True,,,,,,,,,,,,,,,,,,,,
1651697276207906816,1651697276207906816,"RT @NEPC_LLC: @HowardMarksBook, Co-Chariman of @Oaktree, will be joining us as our keynote speaker at our 27th annual Investment Conference…",,,,,,2023-04-27T21:18:12,,0,0,5,,NEPC_LLC HowardMarksBook Oaktree,2023-04-27 21:18:12,False,0,True,,,,,,,,,,,,,,,,,,,,
1649082223960944640,1649082223960944640,"RT @Oaktree: Listen to Oaktree’s new podcast to learn what @HowardMarksBook and Armen Panossian think about the end of the easy money era,…",,,,,,2023-04-20T16:06:55,,0,0,3,,Oaktree HowardMarksBook,2023-04-20 16:06:55,False,0,True,,,,,,,,,,,,,,,,,,,,
1648028946922102784,1648028946922102784,RT @Oaktree: Listen to the latest memo from @HowardMarksBook to hear what he thinks does – and doesn’t – matter about the recent turmoil in…,,,,,,2023-04-17T18:21:34,,0,0,28,,Oaktree HowardMarksBook,2023-04-17 18:21:34,False,0,True,,,,,,,,,,,,,,,,,,,,
1648028898041659393,1648028898041659393,RT @Oaktree: Read the latest memo from @HowardMarksBook to learn what he believes will be the major ramifications of the Silicon Valley Ban…,,,,,,2023-04-17T18:21:22,,0,0,18,,Oaktree HowardMarksBook,2023-04-17 18:21:22,False,0,True,,,,,,,,,,,,,,,,,,,,
1635772277710262274,1635772277710262274,"RT @asiasocietyLA: Global Investment: Are we Witnessing a Sea Change? featuring @howardmarksbook, @idaliu, and @karpjonathan is now availab…",,,,,,2023-03-14T22:37:56,,0,0,15,,asiasocietyLA howardmarksbook idaliu karpjonathan,2023-03-14 22:37:56,False,0,True,,,,,,,,,,,,,,,,,,,,
1633187086256996352,1633187086256996352,"RT @GUSteersCenter: SAVE THE DATE! Our annual Luminaries event featuring @HowardMarksBook, co-chairman of @Oaktree Capital Management, L.…",,,,,,2023-03-07T19:25:19,,0,0,7,,GUSteersCenter HowardMarksBook Oaktree,2023-03-07 19:25:19,False,0,True,,,,,,,,,,,,,,,,,,,,
1633186277196693504,1633186277196693504,RT @Oaktree: .@HowardMarksBook looks back on memos he’s written near major turning points in the market over the last few decades. He consi…,,,,,,2023-03-07T19:22:06,,0,0,16,,Oaktree HowardMarksBook,2023-03-07 19:22:06,False,0,True,,,,,,,,,,,,,,,,,,,,
1628853236538183681,1628853236538183681,"RT @BGCVI: We are delighted to have Mr. Anthony Scilipoti, Mr. Howard Marks and Ms. Vicki Hollub as our 2023 Value Investing Conference Key…",,,,,,2023-02-23T20:24:08,,0,0,5,,BGCVI,2023-02-23 20:24:08,False,0,True,,,,,,,,,,,,,,,,,,,,
1626006238030073856,1626006238030073856,RT @TMFOtter: Spent some time talking with @HowardMarksBook about the third big sea change he’s seen in investing in his career. We talk in…,,,,,,2023-02-15T23:51:11,,0,0,10,,TMFOtter HowardMarksBook,2023-02-15 23:51:11,False,0,True,,,,,,,,,,,,,,,,,,,,
1623743838060941312,1623743838060941312,RT @bqprime: .@Oaktree Co-Chairman &amp; Co-Founder Howard Marks (@HowardMarksBook) believes that interest rates will largely stabilise around…,,,,,,2023-02-09T18:01:13,,0,0,12,,bqprime Oaktree HowardMarksBook,2023-02-09 18:01:13,False,0,True,,,,,,,,,,,,,,,,,,,,
1621573543128596480,1621573543128596480,"RT @TheMarket_CH: «Now is a good time to sit on your hands, ignore the noise, and get ready for the opportunities when they come»: Wisdom b…",,,,,,2023-02-03T18:17:14,,0,0,30,,TheMarket_CH,2023-02-03 18:17:14,False,0,True,,,,,,,,,,,,,,,,,,,,
1621231901288841216,1621231901288841216,"RT @Oaktree: .@HowardMarksBook is joined by Bruce Flatt, CEO of @Brookfield, to discuss ""Ditto"" (2013). They examine the distinction betwee…",,,,,,2023-02-02T19:39:40,,0,0,31,,Oaktree HowardMarksBook Brookfield,2023-02-02 19:39:40,False,0,True,,,,,,,,,,,,,,,,,,,,
1620948694978920448,1620948694978920448,RT @Oaktree: Oaktree Co-Chairman @HowardMarksBook joined @FrankCNBC to discuss @AltFinanceEdu and why having a more diverse candidate pool…,,,,,,2023-02-02T00:54:19,,0,0,5,,Oaktree HowardMarksBook FrankCNBC AltFinanceEdu,2023-02-02 00:54:19,False,0,True,,,,,,,,,,,,,,,,,,,,
1616550686992527360,1616550686992527360,"RT @Oaktree: Oaktree Co-Chairman @HowardMarksBook joined @BloombergTV's @RomaineBostick for a discussion on his most recent memo, Sea Chang…",,,,,,2023-01-20T21:38:12,,0,0,10,,Oaktree HowardMarksBook BloombergTV RomaineBostick,2023-01-20 21:38:12,False,0,True,,,,,,,,,,,,,,,,,,,,
1616550652330795008,1616550652330795008,RT @Oaktree: Oaktree Co-Chairman @HowardMarksBook joined @Forbes Senior Editor @WallStManeet for a virtual keynote to discuss risk posturin…,,,,,,2023-01-20T21:38:04,,0,0,13,,Oaktree HowardMarksBook Forbes WallStManeet,2023-01-20 21:38:04,False,0,True,,,,,,,,,,,,,,,,,,,,
1611067818166091776,1611067818166091776,"RT @Oaktree: Listen to @HowardMarksBook discuss his recent memo, Sea Change, in the latest episode of Behind the Memo. He explains why the…",,,,,,2023-01-05T18:31:14,,0,0,32,,Oaktree HowardMarksBook,2023-01-05 18:31:14,False,0,True,,,,,,,,,,,,,,,,,,,,
1606436267796971522,1606436267796971522,"RT @CNBCClosingBell: ""More companies need rescue financing or opportunistic lending or private lending. We're finding opportunities there,""…",,,,,,2022-12-23T23:47:07,,0,0,13,,CNBCClosingBell,2022-12-23 23:47:07,False,0,True,,,,,,,,,,,,,,,,,,,,
1606435932789506048,1606435932789506048,RT @ms_tvtokyo: https://t.co/JcOC5egLJf,,,,,,2022-12-23T23:45:47,,0,0,13,,ms_tvtokyo,2022-12-23 23:45:47,False,0,True,,,,,,,,,,,,,,,,,,,,
1602708118848380928,1602708118848380928,RT @Oaktree: Listen to the latest memo from @HowardMarksBook to learn why he believes the investment world is undergoing its third major se…,,,,,,2022-12-13T16:52:47,,0,0,39,,Oaktree HowardMarksBook,2022-12-13 16:52:47,False,0,True,,,,,,,,,,,,,,,,,,,,
1602708106076626945,1602708106076626945,RT @Oaktree: Read the latest memo from @HowardMarksBook to learn about the sea change that may be reshaping the investment world. Read/subs…,,,,,,2022-12-13T16:52:44,,0,0,26,,Oaktree HowardMarksBook,2022-12-13 16:52:44,False,0,True,,,,,,,,,,,,,,,,,,,,
1600204969688195073,1600204969688195073,"RT @Oaktree: Listen to @HowardMarksBook discuss his recent memo, ""What Really Matters?,"" in the latest episode of ""Behind the Memo."" Howard…",,,,,,2022-12-06T19:06:09,,0,0,16,,Oaktree HowardMarksBook,2022-12-06 19:06:09,False,0,True,,,,,,,,,,,,,,,,,,,,
1598771415489970177,1598771415489970177,"RT @sjpwealth: Focus on time in, not timing, the market Howard Marks explains how your emotions can derail your investment strategy: http…",,,,,,2022-12-02T20:09:43,,0,0,21,,sjpwealth,2022-12-02 20:09:43,False,0,True,,,,,,,,,,,,,,,,,,,,
1595115031003566080,1595115031003566080,RT @Oaktree: New podcast of @HowardMarksBook’s latest memo “What Really Matters?” is now available. Click here to listen and subscribe to p…,,,,,,2022-11-22T18:00:33,,0,0,15,,Oaktree HowardMarksBook,2022-11-22 18:00:33,False,0,True,,,,,,,,,,,,,,,,,,,,
1595115001647276032,1595115001647276032,RT @Oaktree: Read the latest memo from @HowardMarksBook to learn what one word he believes defines the essence of investment excellence. Re…,,,,,,2022-11-22T18:00:26,,0,0,26,,Oaktree HowardMarksBook,2022-11-22 18:00:26,False,0,True,,,,,,,,,,,,,,,,,,,,
1586152148198248449,1586152148198248449,RT @Oaktree: Oaktree Co-Chairman @HowardMarksBook discusses macro forecasting and the current market cycle with @FT Asset Management Editor…,,,,,,2022-10-29T00:25:16,,0,0,13,,Oaktree HowardMarksBook FT,2022-10-29 00:25:16,False,0,True,,,,,,,,,,,,,,,,,,,,
1580592532987162625,1580592532987162625,"RT @Oaktree: .@HowardMarksBook reflects on the Global Financial Crisis w/ Bob O’Leary, Co-PM of Oaktree’s Global Opportunities strategy. Th…",,,,,,2022-10-13T16:13:20,,0,0,11,,Oaktree HowardMarksBook,2022-10-13 16:13:20,False,0,True,,,,,,,,,,,,,,,,,,,,
1574828028676345856,1574828028676345856,RT @Oaktree: Oaktree Co-Chairman @HowardMarksBook will join @FinancialTimes #AssetManagement Editor @HarrietAgnew for a keynote interview a…,,,,,,2022-09-27T18:27:15,,0,0,5,AssetManagement,Oaktree HowardMarksBook FinancialTimes HarrietAgnew,2022-09-27 18:27:15,False,0,True,,,,,,,,,,,,,,,,,,,,
1572684039089426432,1572684039089426432,"RT @Oaktree: What do @HowardMarksBook and key Oaktree figures think are the biggest misconceptions about private credit? Watch the latest ""…",,,,,,2022-09-21T20:27:48,,0,0,5,,Oaktree HowardMarksBook,2022-09-21 20:27:48,False,0,True,,,,,,,,,,,,,,,,,,,,
1569731828411670533,1569731828411670533,"RT @Oaktree: Listen to @HowardMarksBook discuss his recent memo, “The Illusion of Knowledge,” in the latest episode of “Behind the Memo.”…",,,,,,2022-09-13T16:56:46,,0,0,24,,Oaktree HowardMarksBook,2022-09-13 16:56:46,False,0,True,,,,,,,,,,,,,,,,,,,,
1567999263342477315,1567999263342477315,RT @Oaktree: New podcast of @HowardMarksBook’s latest memo “The Illusion of Knowledge” is now available. Click here to listen and subscribe…,,,,,,2022-09-08T22:12:11,,0,0,20,,Oaktree HowardMarksBook,2022-09-08 22:12:11,False,0,True,,,,,,,,,,,,,,,,,,,,
1567995079255818241,1567995079255818241,RT @Oaktree: Read the latest memo from @HowardMarksBook to learn why macro forecasting mostly provides the illusion of knowledge and why in…,,,,,,2022-09-08T21:55:33,,0,0,31,,Oaktree HowardMarksBook,2022-09-08 21:55:33,False,0,True,,,,,,,,,,,,,,,,,,,,
1557111249657266177,1557111249657266177,RT @Oaktree: Watch the latest Insights Live video to learn how @HowardMarksBook is assessing risk in today’s uncertain market environment a…,,,,,,2022-08-09T21:07:06,,0,0,7,,Oaktree HowardMarksBook,2022-08-09 21:07:06,False,0,True,,,,,,,,,,,,,,,,,,,,
1555233723511058432,1555233723511058432,RT @Oaktree: Listen to @HowardMarksBook discuss his recent memo “I Beg to Differ” in the latest ep. of “Behind the Memo.” He highlights one…,,,,,,2022-08-04T16:46:29,,0,0,20,,Oaktree HowardMarksBook,2022-08-04 16:46:29,False,0,True,,,,,,,,,,,,,,,,,,,,
1555006730609643520,1555006730609643520,"RT @ftmoney: Comment: ""If you hope to distinguish yourself in terms of investment performance, you have to be more right than others, which…",,,,,,2022-08-04T01:44:29,,0,0,10,,ftmoney,2022-08-04 01:44:29,False,0,True,,,,,,,,,,,,,,,,,,,,
1553035730636591104,1553035730636591104,"RT @SPGlobalRatings: Legendary investor Howard Marks, Co-Founder of Oaktree Capital Management, joined Sally Moore, Global Head of Strategy…",,,,,,2022-07-29T15:12:26,,0,0,5,,SPGlobalRatings,2022-07-29 15:12:26,False,0,True,,,,,,,,,,,,,,,,,,,,
1551948999107674113,1551948999107674113,RT @Oaktree: New podcast of @HowardMarksBook’s latest memo “I Beg to Differ” is now available. Click here to listen and subscribe to podcas…,,,,,,2022-07-26T15:14:09,,0,0,15,,Oaktree HowardMarksBook,2022-07-26 15:14:09,False,0,True,,,,,,,,,,,,,,,,,,,,
1551948964781441025,1551948964781441025,RT @Oaktree: Read the latest memo from @HowardMarksBook. He argues that investors seeking superior performance must think differently &amp; ris…,,,,,,2022-07-26T15:14:01,,0,0,31,,Oaktree HowardMarksBook,2022-07-26 15:14:01,False,0,True,,,,,,,,,,,,,,,,,,,,
1548031826244952065,1548031826244952065,RT @Oaktree: Oaktree Co-Chairman @HowardMarksBook discusses the main misconception about risk at the Oaktree Conference 2022 in Los Angeles…,,,,,,2022-07-15T19:48:43,,0,0,94,,Oaktree HowardMarksBook,2022-07-15 19:48:43,False,0,True,,,,,,,,,,,,,,,,,,,,
1547275049350025216,1547275049350025216,"RT @Oaktree: Oaktree’s Co-Chairman @HowardMarksBook recently visited @GoldmanSachs in New York to discuss his views on market cycles, inves…",,,,,,2022-07-13T17:41:33,,0,0,22,,Oaktree HowardMarksBook GoldmanSachs,2022-07-13 17:41:33,False,0,True,,,,,,,,,,,,,,,,,,,,
1540137061231251456,1540137061231251456,RT @Oaktree: Read the interview w/ @HowardMarksBook from the Edinburgh Business School’s symposium on cognitive economics. This conversatio…,,,,,,2022-06-24T00:57:44,,0,0,11,,Oaktree HowardMarksBook,2022-06-24 00:57:44,False,0,True,,,,,,,,,,,,,,,,,,,,
1537491379596587008,1537491379596587008,"RT @Oaktree: In time for Father’s Day, @HowardMarksBook reflects on his memo “Something of Value” (January 11, 2021) with his son Andrew Ma…",,,,,,2022-06-16T17:44:44,,0,0,11,,Oaktree HowardMarksBook,2022-06-16 17:44:44,False,0,True,,,,,,,,,,,,,,,,,,,,
1537164171346710528,1537164171346710528,RT @manager_magazin: Howard Marks: Interview mit der Investorenlegende zum Börsenchaos https://t.co/fUquJyD75i,,,,,,2022-06-15T20:04:32,,0,0,4,,manager_magazin,2022-06-15 20:04:32,False,0,True,,,,,,,,,,,,,,,,,,,,
1536858588466909184,1536858588466909184,RT @TonyTassell: Op-ed here by @HowardMarksBook - co-founder of Oaktree Capital - on investor psychology and cycles https://t.co/zzBgUVkcGi,,,,,,2022-06-14T23:50:15,,0,0,11,,TonyTassell HowardMarksBook,2022-06-14 23:50:15,False,0,True,,,,,,,,,,,,,,,,,,,,
1535020886524186624,1535020886524186624,RT @nikkeimoney: こちらのインタビュー動画を日経電子版で公開中です。「投資で一番大切な20の教え」の著者、米資産運用大手 @Oaktree 会長のハワード・マークスさん @HowardMarksBook に相場観と投資についての考えをうかがいました。ぜひご視聴…,,,,,,2022-06-09T22:07:53,,0,0,6,,nikkeimoney Oaktree HowardMarksBook,2022-06-09 22:07:53,False,0,True,,,,,,,,,,,,,,,,,,,,
1532410225243762688,1532410225243762688,RT @Oaktree: Listen to @HowardMarksBook discuss his recent memo “Bull Market Rhymes” in the latest ep. of “Behind the Memo.” Learn why look…,,,,,,2022-06-02T17:14:03,,0,0,15,,Oaktree HowardMarksBook,2022-06-02 17:14:03,False,0,True,,,,,,,,,,,,,,,,,,,,
1529845847063613440,1529845847063613440,RT @Oaktree: New podcast of @HowardMarksBook’s latest memo “Bull Market Rhymes” is now available. Click here to listen and subscribe to pod…,,,,,,2022-05-26T15:24:07,,0,0,34,,Oaktree HowardMarksBook,2022-05-26 15:24:07,False,0,True,,,,,,,,,,,,,,,,,,,,
1529845831465021440,1529845831465021440,RT @Oaktree: Read the latest memo from @HowardMarksBook. He contextualizes the current market correction by discussing recurring investment…,,,,,,2022-05-26T15:24:04,,0,0,28,,Oaktree HowardMarksBook,2022-05-26 15:24:04,False,0,True,,,,,,,,,,,,,,,,,,,,
1522286378058346496,1522286378058346496,"RT @Oaktree: Oaktree Co-Founder and Co-Chairman, @HowardMarksBooks, has been elected as a member of the @AmericanAcad for Business, Corpora…",,,,,,2022-05-05T18:45:29,,0,0,5,,Oaktree HowardMarksBooks AmericanAcad,2022-05-05 18:45:29,False,0,True,,,,,,,,,,,,,,,,,,,,
1522028111591665665,1522028111591665665,"RT @CNBCClosingBell: ""I do think the worst of excesses have been corrected,"" Howard Marks of Oaktree Capital Management https://t.co/wVZSs5…",,,,,,2022-05-05T01:39:14,,0,0,47,,CNBCClosingBell,2022-05-05 01:39:14,False,0,True,,,,,,,,,,,,,,,,,,,,
1521178074770935808,1521178074770935808,"RT @BayesBSchool: “Successful investors need some form of superiority through legal, non-insider information, insight, or perception of fut…",,,,,,2022-05-02T17:21:29,,0,0,9,,BayesBSchool,2022-05-02 17:21:29,False,0,True,,,,,,,,,,,,,,,,,,,,
1519721553658740737,1519721553658740737,"RT @Oaktree: .@HowardMarksBook reflects on his memo “Lines in the Sand” (April 18, 2017). Following up on his classic memo “You Can’t Eat I…",,,,,,2022-04-28T16:53:48,,0,0,6,,Oaktree HowardMarksBook,2022-04-28 16:53:48,False,0,True,,,,,,,,,,,,,,,,,,,,
1511461746032054272,1511461746032054272,"RT @AMEXCAP: La filosofía de @Oaktree es que nuestras inversiones no responden a las expectativas de lo que pasará mañana, sino a lo que e…",,,,,,2022-04-05T21:52:16,,0,0,5,,AMEXCAP Oaktree,2022-04-05 21:52:16,False,0,True,,,,,,,,,,,,,,,,,,,,
1509562447580987395,1509562447580987395,"RT @Oaktree: Listen to @HowardMarksBook discuss his recent memo “The Pendulum in International Affairs” in this ep. of “Behind the Memo,” e…",,,,,,2022-03-31T16:05:08,,0,0,11,,Oaktree HowardMarksBook,2022-03-31 16:05:08,False,0,True,,,,,,,,,,,,,,,,,,,,
1507479026465599492,1507479026465599492,"RT @TonyTassell: A big theme emerging: The Ukraine war is spurring the retreat of globalisation - here is an FT column by @HowardMarksBook,…",,,,,,2022-03-25T22:06:22,,0,0,14,,TonyTassell HowardMarksBook,2022-03-25 22:06:22,False,0,True,,,,,,,,,,,,,,,,,,,,
1506709700628279300,1506709700628279300,"RT @Oaktree: New podcast of @HowardMarksBook's latest memo ""The Pendulum of International Affairs"" is now available. Click here to listen a…",,,,,,2022-03-23T19:09:20,,0,0,19,,Oaktree HowardMarksBook,2022-03-23 19:09:20,False,0,True,,,,,,,,,,,,,,,,,,,,
1506709667799465988,1506709667799465988,RT @Oaktree: Read the latest memo from @HowardMarksBook. He explains why the pendulum may be swinging away from globalization and toward on…,,,,,,2022-03-23T19:09:12,,0,0,17,,Oaktree HowardMarksBook,2022-03-23 19:09:12,False,0,True,,,,,,,,,,,,,,,,,,,,
1504149145245798400,1504149145245798400,"RT @williamgreen72: Howard Marks: ""It’s not what you buy, it’s what you pay. Good investing comes from buying things well, not from buying…",,,,,,2022-03-16T17:34:36,,0,0,117,,williamgreen72,2022-03-16 17:34:36,False,0,True,,,,,,,,,,,,,,,,,,,,
1497337607667142657,1497337607667142657,This professorship will support today’s students in exploring the intersection of behavior and business in the global marketplace. #Education,,,,,,2022-02-25T22:27:59,,48,3,4,Education,,2022-02-25 22:27:59,False,0,True,,,,,,,,,,,,,,,,,,,,
1496881610108534784,1496881610108534784,"RT @Oaktree: .@HowardMarksBook reflects on his memo “It’s All a Big Mistake” (June 20, 2012). He discusses why understanding mistakes – bot…",,,,,,2022-02-24T16:16:01,,0,0,16,,Oaktree HowardMarksBook,2022-02-24 16:16:01,False,0,True,,,,,,,,,,,,,,,,,,,,
1485720263207522304,1485720263207522304,"RT @TonyTassell: FT column here by @HowardMarksBook, the co-founder and chairman of @Oaktree on why investors sell out too early in markets…",,,,,,2022-01-24T21:04:48,,0,0,17,,TonyTassell HowardMarksBook Oaktree,2022-01-24 21:04:48,False,0,True,,,,,,,,,,,,,,,,,,,,
1484594108731572225,1484594108731572225,RT @Oaktree: Listen to @HowardMarksBook discuss his latest memo “Selling Out” in the first episode of our new podcast series “Behind the Me…,,,,,,2022-01-21T18:29:52,,0,0,15,,Oaktree HowardMarksBook,2022-01-21 18:29:52,False,0,True,,,,,,,,,,,,,,,,,,,,
1483886257017032704,1483886257017032704,"RT @business: “I am worried about inflation. Inflation is excessive,” Howard Marks, co-founder of Oaktree Capital Management, tells Bloombe…",,,,,,2022-01-19T19:37:07,,0,0,15,,business,2022-01-19 19:37:07,False,0,True,,,,,,,,,,,,,,,,,,,,
1481809223705006080,1481809223705006080,"RT @Oaktree: New podcast of @HowardMarksBook's latest memo ""Selling Out"" is now available. Click here to listen and subscribe to podcasts f…",,,,,,2022-01-14T02:03:44,,0,0,24,,Oaktree HowardMarksBook,2022-01-14 02:03:44,False,0,True,,,,,,,,,,,,,,,,,,,,
1481801606345596934,1481801606345596934,"RT @Oaktree: Read the latest memo from @HowardMarksBook. He explains why “Buy Low, Sell High” isn’t always good advice. Read/subscribe: htt…",,,,,,2022-01-14T01:33:28,,0,0,43,,Oaktree HowardMarksBook,2022-01-14 01:33:28,False,0,True,,,,,,,,,,,,,,,,,,,,
1473022232968400896,1473022232968400896,"RT @Oaktree: .@HowardMarksBook reflects on his memo “Uncertainty” (May 11, 2020). Writing near the beginning of the Covid-19 crisis, he exp…",,,,,,2021-12-20T20:07:22,,0,0,19,,Oaktree HowardMarksBook,2021-12-20 20:07:22,False,0,True,,,,,,,,,,,,,,,,,,,,
1466526247274487811,1466526247274487811,"RT @jchatterleyCNN: ""Not only should we not use the word lightly, but we should not spend these amounts lightly.” @HowardMarksBook discuss…",,,,,,2021-12-02T21:54:38,,0,0,14,,jchatterleyCNN HowardMarksBook,2021-12-02 21:54:38,False,0,True,,,,,,,,,,,,,,,,,,,,
1465758178113572868,1465758178113572868,"RT @Oaktree: New podcast of @HowardMarksBook's latest memo ""Winds of Change"" is now available. Click here to listen and subscribe to podcas…",,,,,,2021-11-30T19:02:36,,0,0,14,,Oaktree HowardMarksBook,2021-11-30 19:02:36,False,0,True,,,,,,,,,,,,,,,,,,,,
1463246887998291968,1463246887998291968,RT @Oaktree: Read the latest memo from @HowardMarksBook. He examines the paradigm shifts that could reshape the world for many years to com…,,,,,,2021-11-23T20:43:38,,0,0,36,,Oaktree HowardMarksBook,2021-11-23 20:43:38,False,0,True,,,,,,,,,,,,,,,,,,,,
1451336162547695618,1451336162547695618,"RT @FIASI_NY: 📈 11/17/21 @ 12 Noon EST | Conversation with Howard Marks, Co-Chairman of Oaktree -- https://t.co/hLeMyIIQp4 https://t.co/MXi…",,,,,,2021-10-21T23:54:40,,0,0,4,,FIASI_NY,2021-10-21 23:54:40,False,0,True,,,,,,,,,,,,,,,,,,,,
1450631029316747266,1450631029316747266,"RT @Oaktree: .@HowardMarksBook discussed his investment philosophy, current market insights and @AltFinanceEdu with @BloombergTV's @Romaine…",,,,,,2021-10-20T01:12:43,,0,0,12,,Oaktree HowardMarksBook AltFinanceEdu BloombergTV Romaine,2021-10-20 01:12:43,False,0,True,,,,,,,,,,,,,,,,,,,,
1450149252936581122,1450149252936581122,RT @Oaktree: .@HowardMarksBook will share his latest market perspectives and investment philosophy tomorrow on stage with @BloombergTV's @R…,,,,,,2021-10-18T17:18:19,,0,0,7,,Oaktree HowardMarksBook BloombergTV R,2021-10-18 17:18:19,False,0,True,,,,,,,,,,,,,,,,,,,,
1446113132900806673,1446113132900806673,"RT @Oaktree: .@HowardMarksBook reflects on his memo “What Does the Market Know?” (January 19, 2016). He discusses the problems with taking…",,,,,,2021-10-07T14:00:13,,0,0,11,,Oaktree HowardMarksBook,2021-10-07 14:00:13,False,0,True,,,,,,,,,,,,,,,,,,,,
1443588760365535239,1443588760365535239,"RT @Oaktree: .@HowardMarksBook reflects on his memo “On the Couch” (January 14, 2016). In the first episode of a two-part series, he analyz…",,,,,,2021-09-30T14:49:15,,0,0,10,,Oaktree HowardMarksBook,2021-09-30 14:49:15,False,0,True,,,,,,,,,,,,,,,,,,,,
1441158410381103105,1441158410381103105,RT @ALFIfunds: We have the pleasure to listen to @HowardMarksBook from @Oaktree sharing his experience in #investmentmanagement with our au…,,,,,,2021-09-23T21:51:55,,0,0,3,investmentmanagement,ALFIfunds HowardMarksBook Oaktree,2021-09-23 21:51:55,False,0,True,,,,,,,,,,,,,,,,,,,,
1441158160425779213,1441158160425779213,RT @TIP_Network: Tune in to #WeStudyBillionaires as @TreyLockerbie chats with investing legend @HowardMarksBook where they discussed in-de…,,,,,,2021-09-23T21:50:55,,0,0,11,WeStudyBillionaires,TIP_Network TreyLockerbie HowardMarksBook,2021-09-23 21:50:55,False,0,True,,,,,,,,,,,,,,,,,,,,
1430914294833565704,1430914294833565704,"RT @Oaktree: .@HowardMarksBook reflects on his memo “Us and Them” (May 7, 2004). In a discussion that namechecks psychologist Amos Tversky…",,,,,,2021-08-26T15:25:27,,0,0,15,,Oaktree HowardMarksBook,2021-08-26 15:25:27,False,0,True,,,,,,,,,,,,,,,,,,,,
1427762032258945028,1427762032258945028,"RT @Oaktree: Oaktree welcomed Ellen Carr, co-author of “Undiversified: The Big Gender Short in Investment Management ,” to a fireside chat…",,,,,,2021-08-17T22:39:29,,0,0,4,,Oaktree,2021-08-17 22:39:29,False,0,True,,,,,,,,,,,,,,,,,,,,
1423419170775920640,1423419170775920640,"RT @BloombergTV: Today we're in an ""everything bubble,"" says Oaktree's Howard Marks https://t.co/z2O3zMPIl0 https://t.co/I9CwEsrzPG",,,,,,2021-08-05T23:02:30,,0,0,27,,BloombergTV,2021-08-05 23:02:30,False,0,True,,,,,,,,,,,,,,,,,,,,
1421317460700012548,1421317460700012548,"RT @CNBCTheExchange: ""We see signs of risky behavior in the marketplace on the part of people who are trying to get a good return in today'…",,,,,,2021-07-31T03:51:04,,0,0,15,,CNBCTheExchange,2021-07-31 03:51:04,False,0,True,,,,,,,,,,,,,,,,,,,,
1421222522599612417,1421222522599612417,"RT @Oaktree: New podcast of @HowardMarksBook's latest memo ""Thinking About Macro"" is now available. Listen/subscribe: https://t.co/JYVNShRS…",,,,,,2021-07-30T21:33:49,,0,0,22,,Oaktree HowardMarksBook,2021-07-30 21:33:49,False,0,True,,,,,,,,,,,,,,,,,,,,
1420913885305966594,1420913885305966594,RT @Oaktree: Just because something is unknowable doesn’t mean it’s unimportant. That’s why @HowardMarksBook has devoted his latest memo to…,,,,,,2021-07-30T01:07:24,,0,0,37,,Oaktree HowardMarksBook,2021-07-30 01:07:24,False,0,True,,,,,,,,,,,,,,,,,,,,
1417958605572083712,1417958605572083712,RT @Oaktree: Oaktree Co-Chairman @HowardMarksBook shared his thoughts on “The Power of the Fed” with @FrontlinePBS https://t.co/KVmuUfj8lI,,,,,,2021-07-21T21:24:10,,0,0,11,,Oaktree HowardMarksBook FrontlinePBS,2021-07-21 21:24:10,False,0,True,,,,,,,,,,,,,,,,,,,,
1409905202988154888,1409905202988154888,RT @patrick_oshag: My conversation with @HowardMarksBook on lessons (l)earned over a career - risk vs uncertainty - analytical blind spots…,,,,,,2021-06-29T16:02:49,,0,0,70,,patrick_oshag HowardMarksBook,2021-06-29 16:02:49,False,0,True,,,,,,,,,,,,,,,,,,,,
1408171851587547140,1408171851587547140,"RT @YahooFinance: Oaktree Capital Management launches a $90 million initiative to help HBCU students. ""We're very excited about the compreh…",,,,,,2021-06-24T21:15:06,,0,0,11,,YahooFinance,2021-06-24 21:15:06,False,0,True,,,,,,,,,,,,,,,,,,,,
1408066874298966021,1408066874298966021,"RT @Oaktree: .@HowardMarksBook reflects on the memo “It Is What It Is” (March 27, 2006). In this wide-ranging discussion, he weaves togethe…",,,,,,2021-06-24T14:17:58,,0,0,9,,Oaktree HowardMarksBook,2021-06-24 14:17:58,False,0,True,,,,,,,,,,,,,,,,,,,,
1395920949170425857,1395920949170425857,RT @oren_cass: Highly recommend my short @Pairagraph debate with @HowardMarksBook for a sense of the ground that over-financialization's de…,,,,,,2021-05-22T01:54:23,,0,0,14,,oren_cass Pairagraph HowardMarksBook,2021-05-22 01:54:23,False,0,True,,,,,,,,,,,,,,,,,,,,
1395540579723800576,1395540579723800576,"RT @Oaktree: Oaktree hosted a fireside chat w/ @HowardMarksBook &amp; @SeemaHingorani, Founder of @GirlsWhoInvest, a non-profit dedicated to in…",,,,,,2021-05-21T00:42:56,,0,0,4,,Oaktree HowardMarksBook SeemaHingorani GirlsWhoInvest,2021-05-21 00:42:56,False,0,True,,,,,,,,,,,,,,,,,,,,
1393345307631525889,1393345307631525889,"RT @kedglobal: Howard Marks warns of inflation, higher risk tolerance. #howardmarks #oaktree https://t.co/NxNqlyPU4j",,,,,,2021-05-14T23:19:43,,0,0,11,howardmarks oaktree,kedglobal,2021-05-14 23:19:43,False,0,True,,,,,,,,,,,,,,,,,,,,
1390810024193056769,1390810024193056769,"RT @pairagraph: ""The financial sector’s share of corporate profits, once less than 10%, reached 40% in the early 2000s and has remained con…",,,,,,2021-05-07T23:25:24,,0,0,11,,pairagraph,2021-05-07 23:25:24,False,0,True,,,,,,,,,,,,,,,,,,,,
1389955164891586569,1389955164891586569,"RT @Oaktree: .@HowardMarksBook reflects on the memo “Dare to Be Great II” (April 8, 2014), the second episode of a two-part series. He asks…",,,,,,2021-05-05T14:48:30,,0,0,11,,Oaktree HowardMarksBook,2021-05-05 14:48:30,False,0,True,,,,,,,,,,,,,,,,,,,,
1388275824130854913,1388275824130854913,"RT @GirlsWhoInvest: For @Oaktree Co-founder and Co-chairman @HowardMarksBook, our #30by2030 vision is one he believes will become reality!…",,,,,,2021-04-30T23:35:24,,0,0,6,30by2030,GirlsWhoInvest Oaktree HowardMarksBook,2021-04-30 23:35:24,False,0,True,,,,,,,,,,,,,,,,,,,,
1387776417354731520,1387776417354731520,"RT @Oaktree: .@HowardMarksBook reflects on the memo “Dare to Be Great” (September 7, 2006), the first episode of a two-part series, offerin…",,,,,,2021-04-29T14:30:56,,0,0,14,,Oaktree HowardMarksBook,2021-04-29 14:30:56,False,0,True,,,,,,,,,,,,,,,,,,,,
1384938452744089600,1384938452744089600,RT @Committee100: NEW SPEAKERS ADDED!!! Be sure to get your tickets for Committee of 100’s virtual event May 11-12. Executives and leaders…,,,,,,2021-04-21T18:33:52,,0,0,5,,Committee100,2021-04-21 18:33:52,False,0,True,,,,,,,,,,,,,,,,,,,,
1382458299094736896,1382458299094736896,RT @asiasocietyLA: Watch Live: @Oaktree Capital's @HowardMarksBook and @blackrock's Geraldine Buckingham on the post-pandemic global invest…,,,,,,2021-04-14T22:18:37,,0,0,6,,asiasocietyLA Oaktree HowardMarksBook blackrock,2021-04-14 22:18:37,False,0,True,,,,,,,,,,,,,,,,,,,,
1379159673069207553,1379159673069207553,RT @virginiemorgon: Thank you again to all the organisers of the #ChinaDevelopmentForum and to my fellow industry leaders for these passion…,,,,,,2021-04-05T19:51:04,,0,0,6,ChinaDevelopmentForum,virginiemorgon,2021-04-05 19:51:04,False,0,True,,,,,,,,,,,,,,,,,,,,
1378057816032731137,1378057816032731137,"RT @AsiaSociety: COVID-19 caused seismic disruptions to entire industries, consumer behavior, and trade. @AsiaSocietyLA's event next week o…",,,,,,2021-04-02T18:52:41,,0,0,6,,AsiaSociety AsiaSocietyLA,2021-04-02 18:52:41,False,0,True,,,,,,,,,,,,,,,,,,,,
1377714531623870465,1377714531623870465,"RT @3_takeaways: Legendary investor Howard Marks (@HowardMarksBook) of @Oaktree, shares why diversification is not a magic elixir and #Stoc…",,,,,,2021-04-01T20:08:35,,0,0,12,Stoc…,3_takeaways HowardMarksBook Oaktree,2021-04-01 20:08:35,False,0,True,,,,,,,,,,,,,,,,,,,,
1374135271776657408,1374135271776657408,RT @EpsilonTheory: ET contributor @donnelly_brent talks with Howard Marks about why traditional value investing is likely permanently impai…,,,,,,2021-03-22T23:05:53,,0,0,23,,EpsilonTheory donnelly_brent,2021-03-22 23:05:53,False,0,True,,,,,,,,,,,,,,,,,,,,
1372919260243054602,1372919260243054602,"RT @Oaktree: New podcast of @HowardMarksBook's latest memo ""2020 in Review"" is now available. Listen/subscribe: https://t.co/JYVNShRSYy #Oa…",,,,,,2021-03-19T14:33:53,,0,0,15,Oa…,Oaktree HowardMarksBook,2021-03-19 14:33:53,False,0,True,,,,,,,,,,,,,,,,,,,,
1371856587233497089,1371856587233497089,RT @Oaktree: Last year featured a jaw-dropping list of extremes. @HowardMarksBook writes in his latest memo about approaching the investmen…,,,,,,2021-03-16T16:11:12,,0,0,23,,Oaktree HowardMarksBook,2021-03-16 16:11:12,False,0,True,,,,,,,,,,,,,,,,,,,,
1367938869132333057,1367938869132333057,RT @WhatGotYouThere: Check out Episode 234 with legendary investor @HowardMarksBook 🔥 Howard and I talk about: - His Latest Thinking 🧠 -Sp…,,,,,,2021-03-05T20:43:36,,0,0,12,,WhatGotYouThere HowardMarksBook,2021-03-05 20:43:36,False,0,True,,,,,,,,,,,,,,,,,,,,
1365444035226128386,1365444035226128386,RT @BGCVI: Tickets are going fast for our Virtual Value Investing Conference. Be sure to get yours today! Our Luncheon Keynote Speaker is…,,,,,,2021-02-26T23:30:01,,0,0,9,,BGCVI,2021-02-26 23:30:01,False,0,True,,,,,,,,,,,,,,,,,,,,
1364602311440408579,1364602311440408579,"RT @Oaktree: .@HowardMarksBook looks back on his memo “You Can’t Predict. You Can Prepare.” (November 20, 2001), the title inspired by a TV…",,,,,,2021-02-24T15:45:18,,0,0,19,,Oaktree HowardMarksBook,2021-02-24 15:45:18,False,0,True,,,,,,,,,,,,,,,,,,,,
1362890061717458946,1362890061717458946,"RT @RealVision: ""Interest rates have not been naturally occurring..."" Co-founder of @Oaktree, @HowardMarksBook &amp; Joel Greenblatt of Gotham…",,,,,,2021-02-19T22:21:26,,0,0,8,,RealVision Oaktree HowardMarksBook,2021-02-19 22:21:26,False,0,True,,,,,,,,,,,,,,,,,,,,
1360284947676762112,1360284947676762112,"RT @maxjrichardson: Really enjoyed another great interview with Howard Marks. We also discussed Crypto, ESG, Joe Biden and writing skills.…",,,,,,2021-02-12T17:49:39,,0,0,22,,maxjrichardson,2021-02-12 17:49:39,False,0,True,,,,,,,,,,,,,,,,,,,,
1357019098434072576,1357019098434072576,RT @ETNOWlive: Here are the top takeaways from @HowardMarksBook's interview https://t.co/Lg7sXtX7cB,,,,,,2021-02-03T17:32:19,,0,0,18,,ETNOWlive HowardMarksBook,2021-02-03 17:32:19,False,0,True,,,,,,,,,,,,,,,,,,,,
1357019012425633794,1357019012425633794,"RT @CFASocietyIndia: ""We as CFA charterholders should base our investment decisions on the fundamentals, as investment is neither sport nor…",,,,,,2021-02-03T17:31:59,,0,0,9,,CFASocietyIndia,2021-02-03 17:31:59,False,0,True,,,,,,,,,,,,,,,,,,,,
1352787815600320512,1352787815600320512,"RT @cnbcipr: . @HowardMarksBook, co-founder and co-chairman of @Oaktree, discusses what taxing unrealized capital gains in the U.S. could m…",,,,,,2021-01-23T01:18:43,,0,0,14,,cnbcipr HowardMarksBook Oaktree,2021-01-23 01:18:43,False,0,True,,,,,,,,,,,,,,,,,,,,
1352787793525653505,1352787793525653505,RT @tanvirgill2: Gold or Bitcoin? @cnbc @cnbci @MandyCNBC @HowardMarksBook @Oaktree https://t.co/E9wCbv7C6W,,,,,,2021-01-23T01:18:38,,0,0,11,,tanvirgill2 cnbc cnbci MandyCNBC HowardMarksBook Oaktree,2021-01-23 01:18:38,False,0,True,,,,,,,,,,,,,,,,,,,,
1352787765788692480,1352787765788692480,RT @CFASocietyIndia: Register for the 11th India Investment Conference to learn more about the issues that will shape investment decisions…,,,,,,2021-01-23T01:18:31,,0,0,5,,CFASocietyIndia,2021-01-23 01:18:31,False,0,True,,,,,,,,,,,,,,,,,,,,
1349872249076023296,1349872249076023296,"RT @Oaktree: New podcast of @HowardMarksBook's latest memo ""Something of Value"" is now available. Listen/subscribe: https://t.co/JYVNShRSYy…",,,,,,2021-01-15T00:13:18,,0,0,41,,Oaktree HowardMarksBook,2021-01-15 00:13:18,False,0,True,,,,,,,,,,,,,,,,,,,,
1349453275083411457,1349453275083411457,"RT @ErikSchatzker: Howard Marks of @Oaktree, one of the world's great value investors, is wrestling with growth. He's written a memo about…",,,,,,2021-01-13T20:28:27,,0,0,29,,ErikSchatzker Oaktree,2021-01-13 20:28:27,False,0,True,,,,,,,,,,,,,,,,,,,,
1349452824569024513,1349452824569024513,"RT @assettv: It is our pleasure to announce our latest channel partner @Oaktree Capital Management, L.P. (“Oaktree”) who will be bringing u…",,,,,,2021-01-13T20:26:39,,0,0,3,,assettv Oaktree,2021-01-13 20:26:39,False,0,True,,,,,,,,,,,,,,,,,,,,
1348662174860734464,1348662174860734464,RT @Oaktree: The dichotomy of “value” and “growth” investing has become a sharp stylistic divide. @HowardMarksBook writes in his latest mem…,,,,,,2021-01-11T16:04:54,,0,0,40,,Oaktree HowardMarksBook,2021-01-11 16:04:54,False,0,True,,,,,,,,,,,,,,,,,,,,
1341047973447385088,1341047973447385088,"RT @Oaktree: .@HowardMarksBook looks back on his memo titled “bubble[dot]com” (January 2, 2000) credited with making his memo writing an “o…",,,,,,2020-12-21T15:48:46,,0,0,26,,Oaktree HowardMarksBook,2020-12-21 15:48:46,False,0,True,,,,,,,,,,,,,,,,,,,,
1339999186897367040,1339999186897367040,"RT @whartonmagazine: During the first-ever virtual installment of the Howard Marks Investor Series, @HowardMarksBook #W67 — co-chairman of…",,,,,,2020-12-18T18:21:16,,0,0,5,W67,whartonmagazine HowardMarksBook,2020-12-18 18:21:16,False,0,True,,,,,,,,,,,,,,,,,,,,
1334244712287354881,1334244712287354881,"RT @TheGenevaAssoc: COVID-19 has rewritten the rules for insurance portfolios. Amid prevailing uncertainty, #CIOsConf2020 underscored the n…",,,,,,2020-12-02T21:15:03,,0,0,3,CIOsConf2020,TheGenevaAssoc,2020-12-02 21:15:03,False,0,True,,,,,,,,,,,,,,,,,,,,
1333431154746159106,1333431154746159106,"RT @Oaktree: Introducing a new podcast series, “The Rewind,” in which @HowardMarksBook looks back on select memos. We start with his very f…",,,,,,2020-11-30T15:22:15,,0,0,10,,Oaktree HowardMarksBook,2020-11-30 15:22:15,False,0,True,,,,,,,,,,,,,,,,,,,,
1331711571123265536,1331711571123265536,"RT @SaraToussaint: Friday night geek out! 🤓 Congrats @UChicagoAlumni professional achievement award winners! @IHEID Thomas J. Biersteker,…",,,,,,2020-11-25T21:29:15,,0,0,3,,SaraToussaint UChicagoAlumni IHEID,2020-11-25 21:29:15,False,0,True,,,,,,,,,,,,,,,,,,,,
1318974935889424385,1318974935889424385,RT @Oaktree: Listen to @HowardMarksBook share his views on how markets have been impacted by the pandemic in episode 2 of @Investec's #podc…,,,,,,2020-10-21T17:58:24,,0,0,3,podc…,Oaktree HowardMarksBook Investec,2020-10-21 17:58:24,False,0,True,,,,,,,,,,,,,,,,,,,,
1318198662615367682,1318198662615367682,RT @Oaktree: NEW PODCAST: The Memo by Howard Marks! Hear @HowardMarksBook’s latest memos released in tandem with or shortly after their pub…,,,,,,2020-10-19T14:33:46,,0,0,19,,Oaktree HowardMarksBook,2020-10-19 14:33:46,False,0,True,,,,,,,,,,,,,,,,,,,,
1317219731082866688,1317219731082866688,"RT @ErikSchatzker: I talked to Howard Marks of @Oaktree about the credit market -- both the eerie calm in high grade and the ""fratricide""…",,,,,,2020-10-16T21:43:51,,0,0,24,,ErikSchatzker Oaktree,2020-10-16 21:43:51,False,0,True,,,,,,,,,,,,,,,,,,,,
1316032934311124993,1316032934311124993,"RT @Oaktree: In his latest memo, @HowardMarksBook discusses the impact of Covid-related monetary and fiscal policy actions on today’s marke…",,,,,,2020-10-13T15:07:56,,0,0,25,,Oaktree HowardMarksBook,2020-10-13 15:07:56,False,0,True,,,,,,,,,,,,,,,,,,,,
1315754115092234240,1315754115092234240,"RT @Oaktree: Co-Chairman @HowardMarksBook participated in a virtual fireside chat with David Villa, Executive Director/CIO of State of Wisc…",,,,,,2020-10-12T20:40:01,,0,0,4,,Oaktree HowardMarksBook,2020-10-12 20:40:01,False,0,True,,,,,,,,,,,,,,,,,,,,
1308805252091584512,1308805252091584512,RT @nikkei: カリスマ投資家マークス氏 「市場にゆがみ、守りの時」 https://t.co/YF6mdmeKAa,,,,,,2020-09-23T16:27:43,,0,0,24,,nikkei,2020-09-23 16:27:43,False,0,True,,,,,,,,,,,,,,,,,,,,
1308504875261546497,1308504875261546497,"RT @lavca_org: .@Oaktree's @HowardMarksBook delivers #keynote remarks at #LAVCAweek: ""Investors who need a return must take much more risk…",,,,,,2020-09-22T20:34:07,,0,0,7,keynote LAVCAweek:,lavca_org Oaktree HowardMarksBook,2020-09-22 20:34:07,False,0,True,,,,,,,,,,,,,,,,,,,,
1304624118965338117,1304624118965338117,"RT @CNBCi: ‘Out of favor’ assets offer opportunity to make big money, says billionaire investor Howard Marks https://t.co/WViFDAlI86",,,,,,2020-09-12T03:33:23,,0,0,27,,CNBCi,2020-09-12 03:33:23,False,0,True,,,,,,,,,,,,,,,,,,,,
1294324910383218688,1294324910383218688,"RT @WeSecureFutures: Don't miss some of the biggest names in the #investment world at our virtual Investment Conference on Sep 14, includin…",,,,,,2020-08-14T17:28:00,,0,0,5,investment,WeSecureFutures,2020-08-14 17:28:00,False,0,True,,,,,,,,,,,,,,,,,,,,
1291883069046001664,1291883069046001664,"RT @BloombergTV: World-renowned credit manager, Howard Marks, just released a new memo to clients about the impact of COVID-19 on the econo…",,,,,,2020-08-07T23:45:00,,0,0,45,,BloombergTV,2020-08-07 23:45:00,False,0,True,,,,,,,,,,,,,,,,,,,,
1291025089710809090,1291025089710809090,"RT @Oaktree: In discussing the Covid-19 crisis and the economy in his latest memo, @HowardMarksBook shines light on how one might – or migh…",,,,,,2020-08-05T14:55:42,,0,0,29,,Oaktree HowardMarksBook,2020-08-05 14:55:42,False,0,True,,,,,,,,,,,,,,,,,,,,
1286356770122850305,1286356770122850305,"RT @xpinvestimentos: Em seu painel na #ExpertXP2020, Howard Marks incentivou a diversificação: “Creio que é desejável ter uma diversificaçã…",,,,,,2020-07-23T17:45:28,,0,0,8,"ExpertXP2020,",xpinvestimentos,2020-07-23 17:45:28,False,0,True,,,,,,,,,,,,,,,,,,,,
1281710029020606465,1281710029020606465,"RT @xpinvestimentos: Está chegando a #ExpertXP2020, 100% online e gratuita, com a presença confirmada de: @Malala @RayDalio @HowardMarksB…",,,,,,2020-07-10T22:00:58,,0,0,14,"ExpertXP2020,",xpinvestimentos Malala RayDalio HowardMarksB,2020-07-10 22:00:58,False,0,True,,,,,,,,,,,,,,,,,,,,
1275894855382626306,1275894855382626306,"RT @CNBCClosingBell: ""I understand the rally but the question is, if they [the Fed] levitate the markets, can they keep doing it forever,""…",,,,,,2020-06-24T20:53:33,,0,0,28,,CNBCClosingBell,2020-06-24 20:53:33,False,0,True,,,,,,,,,,,,,,,,,,,,
1273727141654327296,1273727141654327296,RT @Oaktree: U.S. stocks have managed a remarkable advance in the past several weeks. Has this been appropriate or irrational? @HowardMarks…,,,,,,2020-06-18T21:19:49,,0,0,27,,Oaktree HowardMarks,2020-06-18 21:19:49,False,0,True,,,,,,,,,,,,,,,,,,,,
1272679163573329921,1272679163573329921,"RT @SuperReturn: When unprecedented things happen, the only thing we know about the future is what we can extrapolate from past experience.…",,,,,,2020-06-15T23:55:32,,0,0,7,,SuperReturn,2020-06-15 23:55:32,False,0,True,,,,,,,,,,,,,,,,,,,,
1271215641903550464,1271215641903550464,RT @Oaktree: It is imperative that all Americans see recent events around racial inequality as a call for action and work to ensure #equali…,,,,,,2020-06-11T23:00:01,,0,0,13,equali…,Oaktree,2020-06-11 23:00:01,False,0,True,,,,,,,,,,,,,,,,,,,,
1266228872518885376,1266228872518885376,RT @Oaktree: True expertise is scarce and limited in scope. @HowardMarksBook’s postscript to his recent memo explains why we should be care…,,,,,,2020-05-29T04:44:23,,0,0,23,,Oaktree HowardMarksBook,2020-05-29 04:44:23,False,0,True,,,,,,,,,,,,,,,,,,,,
1263593827605942273,1263593827605942273,"RT @CFAinstitute: “Every great investment begins in discomfort,” Howard Marks, CFA, tells @johnauthers. “If everyone else didn’t hate the i…",,,,,,2020-05-21T22:13:39,,0,0,36,,CFAinstitute johnauthers,2020-05-21 22:13:39,False,0,True,,,,,,,,,,,,,,,,,,,,
1262840983680499712,1262840983680499712,"RT @AlphaexchangeP: On this episode of the Alpha Exchange Crisis Series, our esteemed guest, @HowardMarksBook discusses the uncertainty in…",,,,,,2020-05-19T20:22:07,,0,0,7,,AlphaexchangeP HowardMarksBook,2020-05-19 20:22:07,False,0,True,,,,,,,,,,,,,,,,,,,,
1260998308014616576,1260998308014616576,"RT @tferriss: NEW podcast episode is up! ""Howard Marks (@HowardMarksBook) on the US Dollar, Three Ways to Add Defense, and Good Questions…",,,,,,2020-05-14T18:19:59,,0,0,25,,tferriss HowardMarksBook,2020-05-14 18:19:59,False,0,True,,,,,,,,,,,,,,,,,,,,
1260998232638779392,1260998232638779392,RT @CFAinstitute: How does Howard Marks plan to navigate the dramatic market swings and extreme volatility brought by COVID-19? Hear his th…,,,,,,2020-05-14T18:19:41,,0,0,17,,CFAinstitute,2020-05-14 18:19:41,False,0,True,,,,,,,,,,,,,,,,,,,,
1259921678554939393,1259921678554939393,"RT @Oaktree: How do we deal intelligently with uncertainty in investing? Read @HowardMarksBook’s latest memo, in which he discusses the val…",,,,,,2020-05-11T19:01:51,,0,0,44,,Oaktree HowardMarksBook,2020-05-11 19:01:51,False,0,True,,,,,,,,,,,,,,,,,,,,
1253425016550506502,1253425016550506502,RT @CNBC: Widely followed investor Howard Marks says the stock market rebound is not reflecting reality https://t.co/4rPGeijrYu,,,,,,2020-04-23T20:46:26,,0,0,43,,CNBC,2020-04-23 20:46:26,False,0,True,,,,,,,,,,,,,,,,,,,,
1250138296618864640,1250138296618864640,"RT @Oaktree: In his latest memo, @HowardMarksBook discusses making informed guesses regarding the future and shares his questions about re-…",,,,,,2020-04-14T19:06:11,,0,0,48,,Oaktree HowardMarksBook,2020-04-14 19:06:11,False,0,True,,,,,,,,,,,,,,,,,,,,
1248265246759772162,1248265246759772162,RT @Oaktree: We’re pleased to mark Oaktree’s 25-year #anniversary with this timeline of key milestones of our firm alongside major events o…,,,,,,2020-04-09T15:03:21,,0,0,6,anniversary,Oaktree,2020-04-09 15:03:21,False,0,True,,,,,,,,,,,,,,,,,,,,
1248260703963631616,1248260703963631616,"RT @Oaktree: This Week in Oaktree History: Oaktree opens for business on April 10, 1995 #Celebrating25Years #ThrowbackThursday #TBT",,,,,,2020-04-09T14:45:18,,0,0,4,Celebrating25Years ThrowbackThursday TBT,Oaktree,2020-04-09 14:45:18,False,0,True,,,,,,,,,,,,,,,,,,,,
1247974833029169152,1247974833029169152,"RT @CNBCi: Investors can do some buying as markets are 'a lot cheaper,' but key is moderation, says billionaire investor Howard Marks https…",,,,,,2020-04-08T19:49:21,,0,0,16,,CNBCi,2020-04-08 19:49:21,False,0,True,,,,,,,,,,,,,,,,,,,,
1247635376115572737,1247635376115572737,RT @Oaktree: The most important thing for an investor is to set the right balance between offense and defense. Read @HowardMarksBook's late…,,,,,,2020-04-07T21:20:28,,0,0,36,,Oaktree HowardMarksBook,2020-04-07 21:20:28,False,0,True,,,,,,,,,,,,,,,,,,,,
1245821942055096320,1245821942055096320,“Consider buying things with solid fundamentals when they go on sale.” Listen to @HowardMarksBook interviewed on the @GoldmanSachs #podcast “Top of Mind at Goldman Sachs.” You can also read the report here: https://t.co/rQufB9wewK #OaktreeInsights,,,,,,2020-04-02T21:14:31,,77,2,18,podcast OaktreeInsights,HowardMarksBook GoldmanSachs,2020-04-02 21:14:31,False,0,True,,,,,,,,,,,,,,,,,,,,
1245114408663011328,1245114408663011328,"RT @Oaktree: In his latest memo, @HowardMarksBook shares his perspective on the coronavirus situation and lays out the views of both the op…",,,,,,2020-03-31T22:23:02,,0,0,55,,Oaktree HowardMarksBook,2020-03-31 22:23:02,False,0,True,,,,,,,,,,,,,,,,,,,,
1243580950505607168,1243580950505607168,"RT @BNNBloomberg: Howard Marks: Serious, lengthy recession is coming https://t.co/d3xnFFpXnM @AmandaLang https://t.co/ujzwLbVdNK",,,,,,2020-03-27T16:49:37,,0,0,38,,BNNBloomberg AmandaLang,2020-03-27 16:49:37,False,0,True,,,,,,,,,,,,,,,,,,,,
1243580937301975040,1243580937301975040,"RT @YahooFinance: Highlight: @oaktree’s @howardmarksbook on investing right now: ""I prefer to think of risk as the probability of having un…",,,,,,2020-03-27T16:49:34,,0,0,17,,YahooFinance oaktree howardmarksbook,2020-03-27 16:49:34,False,0,True,,,,,,,,,,,,,,,,,,,,
1243063731585552384,1243063731585552384,RT @CNBC: Howard Marks says the market is 'pricing in a bad scenario' and there is value for investors https://t.co/bHtj5uL1Kq,,,,,,2020-03-26T06:34:23,,0,0,29,,CNBC,2020-03-26 06:34:23,False,0,True,,,,,,,,,,,,,,,,,,,,
1242592674089062401,1242592674089062401,"RT @Oaktree: After giving our clients a few days to digest it, we’d like to share this memo by @HowardMarksBook from Thursday with all of o…",,,,,,2020-03-24T23:22:34,,0,0,26,,Oaktree HowardMarksBook,2020-03-24 23:22:34,False,0,True,,,,,,,,,,,,,,,,,,,,
1239638969920278528,1239638969920278528,RT @business: Howard Marks says he’s starting to find bargains to buy https://t.co/kVyY63i026,,,,,,2020-03-16T19:45:36,,0,0,45,,business,2020-03-16 19:45:36,False,0,True,,,,,,,,,,,,,,,,,,,,
1235024218066018304,1235024218066018304,"RT @Oaktree: In his latest memo, @HowardMarksBook shares his questions, guesses, observations and inferences to help make sense of the pote…",,,,,,2020-03-04T02:08:13,,0,0,37,,Oaktree HowardMarksBook,2020-03-04 02:08:13,False,0,True,,,,,,,,,,,,,,,,,,,,
1232439401055055872,1232439401055055872,RT @CNBC: Investor Howard Marks says investors are 'not discriminating' between stocks as market sells off https://t.co/ypMbkwLApS,,,,,,2020-02-25T22:57:05,,0,0,12,,CNBC,2020-02-25 22:57:05,False,0,True,,,,,,,,,,,,,,,,,,,,
1227006424921731072,1227006424921731072,"RT @CFAinstitute: Howard S. Marks, CFA, has said that managing risk is one of the most important things an investor must do to succeed. Lea…",,,,,,2020-02-10T23:08:23,,0,0,11,,CFAinstitute,2020-02-10 23:08:23,False,0,True,,,,,,,,,,,,,,,,,,,,
1227006072398856192,1227006072398856192,RT @marianosterlund: Incredibly interesting to listen to @HowardMarksBook of @Oaktree this morning at @LSEnews Alternative Investment Confe…,,,,,,2020-02-10T23:06:58,,0,0,2,,marianosterlund HowardMarksBook Oaktree LSEnews,2020-02-10 23:06:58,False,0,True,,,,,,,,,,,,,,,,,,,,
1224387077468389381,1224387077468389381,RT @valoreconomico: Guru de Buffett vê ativos caros e risco elevado https://t.co/uagAzlk0Ik,,,,,,2020-02-03T17:40:01,,0,0,8,,valoreconomico,2020-02-03 17:40:01,False,0,True,,,,,,,,,,,,,,,,,,,,
1222644604303900672,1222644604303900672,RT @TMANewYorkCity: Join us at the @Wharton Restructuring and Distressed Investing Conference on 2/21 at The Plaza Hotel in NYC. Howard Mar…,,,,,,2020-01-29T22:16:03,,0,0,2,,TMANewYorkCity Wharton,2020-01-29 22:16:03,False,0,True,,,,,,,,,,,,,,,,,,,,
1216710625759416320,1216710625759416320,"RT @Oaktree: In his latest memo, @HowardMarksBook discusses the process of thinking in bets, parses the world of gambling, and draws parall…",,,,,,2020-01-13T13:16:33,,0,0,33,,Oaktree HowardMarksBook,2020-01-13 13:16:33,False,0,True,,,,,,,,,,,,,,,,,,,,
1204887108210458624,1204887108210458624,"RT @CNBC: ""The fact that the public market rejected the private market valuation on WeWork, I think was a very healthy development."" Oaktre…",,,,,,2019-12-11T22:14:06,,0,0,16,,CNBC,2019-12-11 22:14:06,False,0,True,,,,,,,,,,,,,,,,,,,,
1199064658881085440,1199064658881085440,RT @SohnHeartsMinds: Legendary bond market investor @HowardMarksBook from @Oaktree Capital Management is back. The last time he graced the…,,,,,,2019-11-25T20:37:46,,0,0,3,,SohnHeartsMinds HowardMarksBook Oaktree,2019-11-25 20:37:46,False,0,True,,,,,,,,,,,,,,,,,,,,
1199064637905309696,1199064637905309696,RT @ElysseMorgan: Incredible morning interviewing @RayDalio and @HowardMarksBook and Blackrock’s Rob Kapito at Sydney @SohnHeartsMinds. Wil…,,,,,,2019-11-25T20:37:41,,0,0,13,,ElysseMorgan RayDalio HowardMarksBook SohnHeartsMinds,2019-11-25 20:37:41,False,0,True,,,,,,,,,,,,,,,,,,,,
1193999056957108229,1193999056957108229,"RT @iimag: ‘Warped’ Markets Prompt Pensions to Add Risk, Howard Marks Says https://t.co/XprpX55Bio https://t.co/b4VxSGelHr",,,,,,2019-11-11T21:08:53,,0,0,9,,iimag,2019-11-11 21:08:53,False,0,True,,,,,,,,,,,,,,,,,,,,
1193956213051908096,1193956213051908096,RT @BloombergLive: “In my memo ‘Mysterious’ I listed a dozen possible negative effects of having rates too low. I think it sends a very neg…,,,,,,2019-11-11T18:18:38,,0,0,5,,BloombergLive,2019-11-11 18:18:38,False,0,True,,,,,,,,,,,,,,,,,,,,
1193956185465995264,1193956185465995264,RT @BloombergLive: “I don’t think it’s terribly hard to spot a bubble. If you say we're in a bubble today that doesn’t mean it will punctur…,,,,,,2019-11-11T18:18:31,,0,0,17,,BloombergLive,2019-11-11 18:18:31,False,0,True,,,,,,,,,,,,,,,,,,,,
1193956126154342400,1193956126154342400,"RT @BloombergLive: “After 10-11 years of gains, you can’t say that we are at the beginning. The truth is with the low-interest rates instit…",,,,,,2019-11-11T18:18:17,,0,0,6,,BloombergLive,2019-11-11 18:18:17,False,0,True,,,,,,,,,,,,,,,,,,,,
1189592298260025344,1189592298260025344,"RT @BloombergLive: From the future of asset management, to recession risks, and the outlook for credit, Co-Chairman of @Oaktree @HowardMark…",,,,,,2019-10-30T17:18:00,,0,0,3,,BloombergLive Oaktree HowardMark,2019-10-30 17:18:00,False,0,True,,,,,,,,,,,,,,,,,,,,
1189592207486943232,1189592207486943232,"RT @BW: What are the signs that an investor should stop putting money to work and wait for prices to correct? Howard Marks: ""Too much opti…",,,,,,2019-10-30T17:17:38,,0,0,12,,BW,2019-10-30 17:17:38,False,0,True,,,,,,,,,,,,,,,,,,,,
1185320754826502144,1185320754826502144,RT @ErikSchatzker: The great Howard Marks of @Oaktree wrote a memo trying to make sense of negative rates. Then he came in to talk to me ab…,,,,,,2019-10-18T22:24:24,,0,0,23,,ErikSchatzker Oaktree,2019-10-18 22:24:24,False,0,True,,,,,,,,,,,,,,,,,,,,
1184918632775553024,1184918632775553024,RT @News_PDI: We spoke to Oaktree's Howard Marks about complacency in the private debt market and how default rates may shock many in the n…,,,,,,2019-10-17T19:46:31,,0,0,10,,News_PDI,2019-10-17 19:46:31,False,0,True,,,,,,,,,,,,,,,,,,,,
1184861019820023808,1184861019820023808,"RT @Oaktree: In his latest memo, @HowardMarksBook discusses the reasons for and implications of negative interest rates, which have become…",,,,,,2019-10-17T15:57:35,,0,0,27,,Oaktree HowardMarksBook,2019-10-17 15:57:35,False,0,True,,,,,,,,,,,,,,,,,,,,
1182437458937430016,1182437458937430016,"RT @kingsbschool: After a great lecture to our MSc students, @Oaktree Co-Chairman @HowardMarksBook sat down to talk about the next downturn…",,,,,,2019-10-10T23:27:13,,0,0,13,,kingsbschool Oaktree HowardMarksBook,2019-10-10 23:27:13,False,0,True,,,,,,,,,,,,,,,,,,,,
1176937387148173313,1176937387148173313,RT @News_PDI: Back with a full room at #PrivateDebtNY for a highly anticipated keynote interview of @Oaktree's Co-Chairman @HowardMarksBook…,,,,,,2019-09-25T19:11:54,,0,0,3,PrivateDebtNY,News_PDI Oaktree HowardMarksBook,2019-09-25 19:11:54,False,0,True,,,,,,,,,,,,,,,,,,,,
1176519951777181697,1176519951777181697,"RT @CNBCi: The work of preventing the next recession from happening isn’t the Fed’s job, billionaire investor and Oaktree Capital’s co-chai…",,,,,,2019-09-24T15:33:09,,0,0,38,,CNBCi,2019-09-24 15:33:09,False,0,True,,,,,,,,,,,,,,,,,,,,
1176167509709512706,1176167509709512706,"RT @BGCVI: 2020 Value Investing Conference Announcement: Luncheon Keynote Speaker is Howard Marks, Chairman, Oaktree Capital Management, L.…",,,,,,2019-09-23T16:12:41,,0,0,6,,BGCVI,2019-09-23 16:12:41,False,0,True,,,,,,,,,,,,,,,,,,,,
1159903350122409985,1159903350122409985,"RT @ErikSchatzker: Who wasn't cheering on the Fed's latest rate cut? Howard Marks, that's who. Watch as the credit investing legend rebuke…",,,,,,2019-08-09T19:04:43,,0,0,26,,ErikSchatzker,2019-08-09 19:04:43,False,0,True,,,,,,,,,,,,,,,,,,,,
1154747456405426176,1154747456405426176,"RT @Oaktree: In his latest memo, “On the Other Hand,” @HowardMarksBook addresses the implications of the @FederalReserve’s interest-rate ma…",,,,,,2019-07-26T13:37:02,,0,0,14,,Oaktree HowardMarksBook FederalReserve,2019-07-26 13:37:02,False,0,True,,,,,,,,,,,,,,,,,,,,
1143951824346443778,1143951824346443778,"RT @Oaktree: In this special post-release memo video, @HowardMarksBook discusses Modern Monetary Theory, one of the trending points mention…",,,,,,2019-06-26T18:39:03,,0,0,19,,Oaktree HowardMarksBook,2019-06-26 18:39:03,False,0,True,,,,,,,,,,,,,,,,,,,,
1143613243996266496,1143613243996266496,RT @FT: Howard Marks fears Tory leadership rush to ‘no-deal’ Brexit https://t.co/FakVLzG7SP,,,,,,2019-06-25T20:13:39,,0,0,8,,FT,2019-06-25 20:13:39,False,0,True,,,,,,,,,,,,,,,,,,,,
1141772346023268352,1141772346023268352,RT @Oaktree: Watch LinkedIn's @devinbanerjee interview @HowardMarksBook at the @MilkenInstitute Global Conference to discuss his stance on…,,,,,,2019-06-20T18:18:35,,0,0,6,,Oaktree devinbanerjee HowardMarksBook MilkenInstitute,2019-06-20 18:18:35,False,0,True,,,,,,,,,,,,,,,,,,,,
1138900797251510272,1138900797251510272,"RT @Oaktree: In his latest memo, Howard Marks discusses 9 common theories that reflect a sense of boundless optimism in the marketplace &amp; w…",,,,,,2019-06-12T20:08:04,,0,0,44,,Oaktree,2019-06-12 20:08:04,False,0,True,,,,,,,,,,,,,,,,,,,,
1134171005801209856,1134171005801209856,"RT @PrudentialSA: The title of Howard Marks' new book, ""Mastering the Market Cycle"", makes it sound like a recipe for timing the market. In…",,,,,,2019-05-30T18:53:34,,0,0,6,,PrudentialSA,2019-05-30 18:53:34,False,0,True,,,,,,,,,,,,,,,,,,,,
1125816532863471616,1125816532863471616,RT @TheMarket_CH: Wise words from Howard Marks in interview with @CGisiger @TheMarket_CH : «There is no place for aggressiveness in investi…,,,,,,2019-05-07T17:35:52,,0,0,14,,TheMarket_CH CGisiger TheMarket_CH,2019-05-07 17:35:52,False,0,True,,,,,,,,,,,,,,,,,,,,
1112827958006169605,1112827958006169605,"RT @Oaktree: In his most recent memo, Howard Marks argues that free enterprise, while not perfect, is the key to ""Growing the Pie."" Read/su…",,,,,,2019-04-01T21:23:55,,0,0,34,,Oaktree,2019-04-01 21:23:55,False,0,True,,,,,,,,,,,,,,,,,,,,
1101537380236910592,1101537380236910592,"RT @bopinion: 💨 SPEED ROUND with @HowardMarksBook: First car? ""1965 Aquamarine, $3200, my parents paid half."" Biggest political surprise…",,,,,,2019-03-01T17:39:11,,0,0,7,,bopinion HowardMarksBook,2019-03-01 17:39:11,False,0,True,,,,,,,,,,,,,,,,,,,,
1101537282077552640,1101537282077552640,"RT @bopinion: .@HowardMarksBook on his experience with @TruthGundlach: ""I never kidded myself into thinking that I was actually supervising…",,,,,,2019-03-01T17:38:48,,0,0,8,,bopinion HowardMarksBook TruthGundlach,2019-03-01 17:38:48,False,0,True,,,,,,,,,,,,,,,,,,,,
1100079665559920640,1100079665559920640,"RT @bopinion: .@Ritholtz will be joined by @HowardMarksBook of @Oaktree Capital for a special live broadcast of the ""Masters in Business"" p…",,,,,,2019-02-25T17:06:45,,0,0,14,,bopinion Ritholtz HowardMarksBook Oaktree,2019-02-25 17:06:45,False,0,True,,,,,,,,,,,,,,,,,,,,
1091050423773872129,1091050423773872129,RT @mdc: An audience member asked billionaire-founder-of-mega-distressed-debt-firm-Oaktree @HowardMarksBook for tips on how to be a success…,,,,,,2019-01-31T19:07:46,,0,0,35,,mdc HowardMarksBook,2019-01-31 19:07:46,False,0,True,,,,,,,,,,,,,,,,,,,,
1090720534982098944,1090720534982098944,"RT @Oaktree: In his most recent memo, “Political Reality Meets Economic Reality,” @HowardMarksBook explores what happens when political beh…",,,,,,2019-01-30T21:16:54,,0,0,32,,Oaktree HowardMarksBook,2019-01-30 21:16:54,False,0,True,,,,,,,,,,,,,,,,,,,,
1088522849923477504,1088522849923477504,"RT @bankofSG: A highlight of our Global Outlook 2019 conference in Jakarta was Co-Chairman &amp; Co-Founder of Oaktree Capital Management, Howa…",,,,,,2019-01-24T19:44:05,,0,0,4,,bankofSG,2019-01-24 19:44:05,False,0,True,,,,,,,,,,,,,,,,,,,,
1087425409807831040,1087425409807831040,"If you haven't yet bought your copy of #MasteringTheMarketCycle, now’s the time! The ebook is available at $2.99 for a limited time on BookHub (https://t.co/vF6s2Z9CCk) as well as Amazon, B&amp;N, Apple, Google Books, and Kobo. It’s the perfect read given today’s market volatility. https://t.co/WOBNqmd2YG",,,,,,2019-01-21T19:03:15,,180,22,30,"MasteringTheMarketCycle,",,2019-01-21 19:03:15,False,0,True,,,,,,,,,,,,,,,,,,,,
1082305986411544576,1082305986411544576,"People’s decisions have great influence on economic, business and market cycles. In fact, economies, business and markets consist of nothing but transactions between people. And truthfully, people don't make their decisions scientifically. #MasteringTheMarketCycle",,,,,,2019-01-07T16:00:30,,250,7,55,MasteringTheMarketCycle,,2019-01-07 16:00:30,False,0,True,,,,,,,,,,,,,,,,,,,,
1079784708962205696,1079784708962205696,"People often act as if companies that are doing well will do so forever, and investments that are outperforming will outperform forever and vice versa. Instead, it’s the opposite that is more likely to be true. Learn more in #MasteringTheMarketCycle at https://t.co/HcrbZgegIQ. https://t.co/c57tWW7Ky4",,,,,,2018-12-31T17:01:50,,248,4,64,MasteringTheMarketCycle,,2018-12-31 17:01:50,False,0,True,,,,,,,,,,,,,,,,,,,,
1076243111678898176,1076243111678898176,"RT @KarlKaufmanADI: Here's my year-end list of the top #money &amp; #investing books for @Forbes, including books by @TonyRobbins , @danielle_t…",,,,,,2018-12-21T22:28:48,,0,0,22,money investing,KarlKaufmanADI Forbes TonyRobbins danielle_t,2018-12-21 22:28:48,False,0,True,,,,,,,,,,,,,,,,,,,,
1075810298286682113,1075810298286682113,"RT @YahooFinance: Highlight: ""You cannot attach any importance to day-to-day activity,"" Oaktree Capital co-Founder @HowardMarksBook says. ""…",,,,,,2018-12-20T17:48:57,,0,0,31,,YahooFinance HowardMarksBook,2018-12-20 17:48:57,False,0,True,,,,,,,,,,,,,,,,,,,,
1075810251436224512,1075810251436224512,"RT @YahooFinance: Highlight: ""The greatest time to sell is when everybody says nothing could go wrong,"" Oaktree Capital's @HowardMarksBook…",,,,,,2018-12-20T17:48:46,,0,0,23,,YahooFinance HowardMarksBook,2018-12-20 17:48:46,False,0,True,,,,,,,,,,,,,,,,,,,,
1075810201054269440,1075810201054269440,"RT @YahooFinance: Highlight: @HowardMarksBook on why a government shutdown is a nonevent: ""People should get into the habit of investing no…",,,,,,2018-12-20T17:48:34,,0,0,15,,YahooFinance HowardMarksBook,2018-12-20 17:48:34,False,0,True,,,,,,,,,,,,,,,,,,,,
1075810139880316928,1075810139880316928,"RT @YahooFinance: Highlight: @HowardMarksBook on the market: ""Psychology is the biggest moving part. ... Now everybody has a long list of t…",,,,,,2018-12-20T17:48:19,,0,0,15,,YahooFinance HowardMarksBook,2018-12-20 17:48:19,False,0,True,,,,,,,,,,,,,,,,,,,,
1075037482465615872,1075037482465615872,"The odds change as our position in the cycles changes. If we don’t change our investment stance as these things change, we're being passive regarding cycles. It's all a game of strategy. Learn more in #MasteringTheMarketCycle at https://t.co/HcrbZgegIQ. https://t.co/aOJczru3kD",,,,,,2018-12-18T14:38:03,,81,0,18,MasteringTheMarketCycle,,2018-12-18 14:38:03,False,0,True,,,,,,,,,,,,,,,,,,,,
1072166999533514753,1072166999533514753,I believe the credit cycle is the most volatile of the cycles and has the greatest impact. Thus it deserves a great deal of attention. Learn more in #MasteringTheMarketCycle at https://t.co/HcrbZgegIQ. https://t.co/D8D3GfX1iJ,,,,,,2018-12-10T16:31:47,,67,1,18,MasteringTheMarketCycle,,2018-12-10 16:31:47,False,0,True,,,,,,,,,,,,,,,,,,,,
1071101202534789125,1071101202534789125,RT @UCLAFinkCenter: Investment legend @HowardMarksBook stopped by @uclaanderson to speak to a sold-out crowd of 400+ about #MasteringTheMar…,,,,,,2018-12-07T17:56:41,,0,0,8,MasteringTheMar…,UCLAFinkCenter HowardMarksBook uclaanderson,2018-12-07 17:56:41,False,0,True,,,,,,,,,,,,,,,,,,,,
1070748773939212288,1070748773939212288,"RT @Vlajournaliste: Speaking at @valueinvestoruk NYC conference, @HowardMarksBook of @Oaktree says the future is a distribution of probabil…",,,,,,2018-12-06T18:36:15,,0,0,4,,Vlajournaliste valueinvestoruk HowardMarksBook Oaktree,2018-12-06 18:36:15,False,0,True,,,,,,,,,,,,,,,,,,,,
1070711846410338304,1070711846410338304,Good times can encourage certain investment decisions that depend on the perpetuation of such times in order to succeed. But those times often produce bad times that test the decisions in ways they can't withstand. See why in #MasteringTheMarketCycle at https://t.co/HcrbZgegIQ. https://t.co/7YF94hPgev,,,,,,2018-12-06T16:09:31,,53,1,16,MasteringTheMarketCycle,,2018-12-06 16:09:31,False,0,True,,,,,,,,,,,,,,,,,,,,
1069615504757800960,1069615504757800960,"Cyclical events are influenced by both endogenous and exogenous developments. Understanding these causative interactions isn't easy, but it holds much of the key to understanding the investment environment. Learn more at https://t.co/HcrbZgegIQ. #MasteringTheMarketCycle https://t.co/yCDEPm6ZyR",,,,,,2018-12-03T15:33:03,,32,0,10,MasteringTheMarketCycle,,2018-12-03 15:33:03,False,0,True,,,,,,,,,,,,,,,,,,,,
1068176732891594757,1068176732891594757,"When it comes to investing, we never know what the future holds and where we're going. But we should do all we can to know where we stand, since the current position of the cycle has powerful implications for how we should cope with its possible future. #MasteringTheMarketCycle",,,,,,2018-11-29T16:15:53,,175,2,45,MasteringTheMarketCycle,,2018-11-29 16:15:53,False,0,True,,,,,,,,,,,,,,,,,,,,
1067071706475503616,1067071706475503616,"If the market collapse of 2008 taught us anything it's that you can't predict anything, but you can certainly prepare for it. Listen to the rest of my conversation with @tferriss at https://t.co/frzpVWkbLa. https://t.co/gRdBfHWfK2",,,,,,2018-11-26T15:04:54,,205,5,56,,tferriss,2018-11-26 15:04:54,False,0,True,,,,,,,,,,,,,,,,,,,,
1065282643670065154,1065282643670065154,"It’s essential to recognize that when everyone is convinced that something will keep working forever, that’s the very time when it’ll become certain not to. Learn more in #MasteringTheMarketCycle at https://t.co/HcrbZgegIQ. https://t.co/sTDLYQiKIn",,,,,,2018-11-21T16:35:48,,93,4,28,MasteringTheMarketCycle,,2018-11-21 16:35:48,False,0,True,,,,,,,,,,,,,,,,,,,,
1064560438116057088,1064560438116057088,The most important aspect in developing an investment philosophy is having a deep understanding of how markets work. Why? Because buying a stock for the likes of it does not represent how profits come into existence. Learn more at https://t.co/HcrbZgegIQ. #MasteringTheMarketCycle https://t.co/7H3NtDBoqX,,,,,,2018-11-19T16:46:01,,75,4,21,MasteringTheMarketCycle,,2018-11-19 16:46:01,False,0,True,,,,,,,,,,,,,,,,,,,,
1063187504923361286,1063187504923361286,RT @Covel: Fun chat with @HowardMarksBook on my podcast now: https://t.co/i90HKxrWoz,,,,,,2018-11-15T21:50:28,,0,0,3,,Covel HowardMarksBook,2018-11-15 21:50:28,False,0,True,,,,,,,,,,,,,,,,,,,,
1063122240705912832,1063122240705912832,"Investment success is like choosing a lottery winner and superior investors have a better sense for whether it’s worth participating. In other words, they have an above-average understanding of future tendencies. Learn more in #MasteringTheMarketCycle at https://t.co/HcrbZgegIQ. https://t.co/RZmQrxut11",,,,,,2018-11-15T17:31:08,,70,4,17,MasteringTheMarketCycle,,2018-11-15 17:31:08,False,0,True,,,,,,,,,,,,,,,,,,,,
1062829018934841344,1062829018934841344,RT @800ceoread: #4 on our October 2018 Business Bestseller list: MASTERING THE MARKET CYCLE by @HowardMarksBook https://t.co/O3CZJlJK5w Pub…,,,,,,2018-11-14T22:05:59,,0,0,3,4,800ceoread HowardMarksBook,2018-11-14 22:05:59,False,0,True,,,,,,,,,,,,,,,,,,,,
1062822100749221888,1062822100749221888,"Skill and luck are the prime elements that determine the success of portfolio management decisions. Without skill on an investor’s part, decisions should not be expected to produce success. #MasteringTheMarketCycle",,,,,,2018-11-14T21:38:29,,107,2,21,MasteringTheMarketCycle,,2018-11-14 21:38:29,False,0,True,,,,,,,,,,,,,,,,,,,,
1062439875830525952,1062439875830525952,"RT @CFAEmirates: Howard Marks, Co-Chairman of Oaktree, is discussing how to Master Market Cycle in front of 200+ CFA Charterholders in Du…",,,,,,2018-11-13T20:19:40,,0,0,17,,CFAEmirates,2018-11-13 20:19:40,False,0,True,,,,,,,,,,,,,,,,,,,,
1062439836618051592,1062439836618051592,RT @CAIAAssociation: Over 300 #investment professionals gathered at the Hong Kong Exchanges and Clearing Limited (@hkexgroup) to participat…,,,,,,2018-11-13T20:19:30,,0,0,3,investment,CAIAAssociation hkexgroup,2018-11-13 20:19:30,False,0,True,,,,,,,,,,,,,,,,,,,,
1062439791994773504,1062439791994773504,"RT @DIFC: .@HowardMarksBook, co-founder of @Oaktree, discussing his new book, Mastering the Market Cycle, Getting the Odds on Your Side in…",,,,,,2018-11-13T20:19:20,,0,0,7,,DIFC HowardMarksBook Oaktree,2018-11-13 20:19:20,False,0,True,,,,,,,,,,,,,,,,,,,,
1062418994844626944,1062418994844626944,"Cycles will never stop occurring. If there were such a thing as a completely efficient market and if people really made decisions in a calculating and unemotional manner, perhaps cycles (or their extremes) would be banished. But that'll never be the case. #MasteringTheMarketCycle",,,,,,2018-11-13T18:56:41,,184,5,48,MasteringTheMarketCycle,,2018-11-13 18:56:41,False,0,True,,,,,,,,,,,,,,,,,,,,
1062025195773419520,1062025195773419520,Understanding cycles is the key to mastering them. See why in #MasteringTheMarketCycle at https://t.co/HcrbZgegIQ. https://t.co/LB53QxA2kC,,,,,,2018-11-12T16:51:52,,34,0,6,MasteringTheMarketCycle,,2018-11-12 16:51:52,False,0,True,,,,,,,,,,,,,,,,,,,,
1060922012506488833,1060922012506488833,"The vast majority of the highly superior investors I know are unemotional by nature. In fact, I believe their unemotional nature is one of the great contributors to their success. Learn more about investor psychology in #MasteringTheMarketCycle at https://t.co/HcrbZgegIQ. –HM https://t.co/tkhjMMf2Zr",,,,,,2018-11-09T15:48:13,,160,6,35,MasteringTheMarketCycle,,2018-11-09 15:48:13,False,0,True,,,,,,,,,,,,,,,,,,,,
1060560252263899137,1060560252263899137,"When it comes to investing, the two most important things are where we stand in the cycle and risk. Interestingly enough, where we stand in the cycle is actually the primary determinant of risk. Listen to the rest of my conversation with @tferriss at https://t.co/frzpVWkbLa. https://t.co/Ft51rwxckC",,,,,,2018-11-08T15:50:43,,183,3,46,,tferriss,2018-11-08 15:50:43,False,0,True,,,,,,,,,,,,,,,,,,,,
1060554851942309889,1060554851942309889,"RT @GoldmanSachs: .@HowardMarksBook, co-founder of @Oaktree, discusses why he decided to expand from his widely read ""Oaktree Memos"" into w…",,,,,,2018-11-08T15:29:15,,0,0,16,,GoldmanSachs HowardMarksBook Oaktree,2018-11-08 15:29:15,False,0,True,,,,,,,,,,,,,,,,,,,,
1060190212058476545,1060190212058476545,"When it comes to the pendulum of psychology, there's always a swing toward an extreme. Understanding swings is an entry-level requirement for avoiding harm from cyclical extremes and hopefully profiting from them. Learn more in #MasteringTheMarketCycle at https://t.co/HcrbZgegIQ. https://t.co/r6F9lHiVkJ",,,,,,2018-11-07T15:20:18,,81,2,13,MasteringTheMarketCycle,,2018-11-07 15:20:18,False,0,True,,,,,,,,,,,,,,,,,,,,
1058011686408466432,1058011686408466432,The greatest way to optimize the positioning of a portfolio at a given point in time is deciding what balance it should strike between aggressiveness and defensiveness. Learn more in #MasteringTheMarketCycle at https://t.co/HcrbZgegIQ. https://t.co/GPRDkanFWw,,,,,,2018-11-01T15:03:37,,53,1,8,MasteringTheMarketCycle,,2018-11-01 15:03:37,False,0,True,,,,,,,,,,,,,,,,,,,,
1057716138086408197,1057716138086408197,"Timing can contribute greatly to an individual’s or a company’s success. Among other things, it helps to get involved in things at an above average time. #MasteringTheMarketCycle https://t.co/AfzQ8AR7GT",,,,,,2018-10-31T19:29:13,,80,5,13,MasteringTheMarketCycle,,2018-10-31 19:29:13,False,0,True,,,,,,,,,,,,,,,,,,,,
1057617632835395586,1057617632835395586,RT @CAIAAssociation: Do you know the signs to see where we are in the market cycle? CEO @CAIA_BillKelly explores the need to take a realist…,,,,,,2018-10-31T12:57:47,,0,0,4,,CAIAAssociation CAIA_BillKelly,2018-10-31 12:57:47,False,0,True,,,,,,,,,,,,,,,,,,,,
1057284762136645632,1057284762136645632,"""The three stages of a bull market” capture disproportionate wisdom in a few simple words. These stages are all about attitudes, the patterns they follow, and how they contribute to error. Learn more in #MasteringTheMarketCycle at https://t.co/HcrbZgegIQ. –HM https://t.co/zFqF8hs77C",,,,,,2018-10-30T14:55:05,,80,0,23,MasteringTheMarketCycle,,2018-10-30 14:55:05,False,0,True,,,,,,,,,,,,,,,,,,,,
1057262658456600577,1057262658456600577,I recently had the pleasure of sitting down with @barronsonline and providing my assessment of the recent market upheaval. https://t.co/ED6BsfttBL,,,,,,2018-10-30T13:27:15,,76,0,16,,barronsonline,2018-10-30 13:27:15,False,0,True,,,,,,,,,,,,,,,,,,,,
1056932353199796225,1056932353199796225,"In late 2008/early 2009, an investor needed only two things to make a lot of money: money to invest and the nerve to invest it. If he had those two things, he made a lot of money in the years that followed. #MasteringTheMarketCycle",,,,,,2018-10-29T15:34:44,,431,12,98,MasteringTheMarketCycle,,2018-10-29 15:34:44,False,0,True,,,,,,,,,,,,,,,,,,,,
1055872561496670208,1055872561496670208,"In my 50 years in the investment business, the annual returns on the S&amp;P 500 have swung from +37% to –37%. Averaging out good years and bad years, the long-run return is usually stated as 10%. Everyone’s been happy with that typical performance and I'd love more of the same. –HM https://t.co/xMbGnnmgrX",,,,,,2018-10-26T17:23:30,,156,5,47,,,2018-10-26 17:23:30,False,0,True,,,,,,,,,,,,,,,,,,,,
1055540089395314689,1055540089395314689,"RT @HaidiLun: My exclusive with legendary @HowardMarksBook: recent selloff shows lack of insightfulness in the markets ""In the real world t…",,,,,,2018-10-25T19:22:22,,0,0,20,,HaidiLun HowardMarksBook,2018-10-25 19:22:22,False,0,True,,,,,,,,,,,,,,,,,,,,
1055158349057138688,1055158349057138688,RT @FinancialReview: Legendary investor Howard Marks says the markets are in their eighth innings and the conditions favour defensiveness o…,,,,,,2018-10-24T18:05:28,,0,0,16,,FinancialReview,2018-10-24 18:05:28,False,0,True,,,,,,,,,,,,,,,,,,,,
1055123316502159366,1055123316502159366,"In the absence of an ability to see the future, how can we position our portfolios for what lies ahead? I think much of the answer lies in understanding where the market stands in its cycle and what that implies for its future movements. –HM #MasteringTheMarketCycle",,,,,,2018-10-24T15:46:16,,128,3,28,MasteringTheMarketCycle,,2018-10-24 15:46:16,False,0,True,,,,,,,,,,,,,,,,,,,,
1054859416741261314,1054859416741261314,I look forward to answering your questions! –HM,,,,,,2018-10-23T22:17:37,,84,4,12,,,2018-10-23 22:17:37,False,0,True,,,,,,,,,,,,,,,,,,,,
1054761884912627713,1054761884912627713,"There are two economic cycles: long term and short term. While most people care about the short term, learn why the long term is worth paying attention to as well at https://t.co/HcrbZgegIQ. #MasteringTheMarketCycle https://t.co/GL2yA6sR3U",,,,,,2018-10-23T15:50:04,,80,1,22,MasteringTheMarketCycle,,2018-10-23 15:50:04,False,0,True,,,,,,,,,,,,,,,,,,,,
1054725839668035586,1054725839668035586,"RT @nytimesbusiness: Howard Marks asks: ""How many people understand that there is no asset that is so good that it can’t become overpriced…",,,,,,2018-10-23T13:26:50,,0,0,21,,nytimesbusiness,2018-10-23 13:26:50,False,0,True,,,,,,,,,,,,,,,,,,,,
1054387301600673793,1054387301600673793,"Things that perform poorly will eventually become so cheap – due to depreciation and lack of investor interest – that they’ll be primed to outperform. Cycles like these hold the key to success, not trees that everyone is assuming will grow to the sky. #MasteringTheMarketCycle https://t.co/Xocfaaqdt6",,,,,,2018-10-22T15:01:36,,173,2,57,MasteringTheMarketCycle,,2018-10-22 15:01:36,False,0,True,,,,,,,,,,,,,,,,,,,,
1053283950326677504,1053283950326677504,"There are three ingredients for success – aggressiveness, timing and skill. If you show enough aggressiveness at the right time, you don’t need that much skill. #MasteringTheMarketCycle",,,,,,2018-10-19T13:57:17,,536,17,152,MasteringTheMarketCycle,,2018-10-19 13:57:17,False,0,True,,,,,,,,,,,,,,,,,,,,
1052999007461670914,1052999007461670914,"When people think of cycles, they see them as a series of events. The events in the life of a cycle shouldn’t be viewed merely as each being followed by the next, but, more importantly, as each causing the next. Learn more at https://t.co/HcrbZgegIQ. #MasteringTheMarketCycle https://t.co/8sUuQiTXP0",,,,,,2018-10-18T19:05:01,,63,2,11,MasteringTheMarketCycle,,2018-10-18 19:05:01,False,0,True,,,,,,,,,,,,,,,,,,,,
1052993661808648193,1052993661808648193,RT @CAIAAssociation: #HongKong - don't miss the opportunity to hear from one of the world's foremost #WallStreet investors of all time: Dr.…,,,,,,2018-10-18T18:43:47,,0,0,5,HongKong WallStreet,CAIAAssociation,2018-10-18 18:43:47,False,0,True,,,,,,,,,,,,,,,,,,,,
1052991783184031744,1052991783184031744,I’m honored to have Tom McCullough (@familyadvisor1) interview me on stage about my book at The Rotman School and even more honored to be included in his book coming out in November that I recommend: Wealth of Wisdom. –HM,,,,,,2018-10-18T18:36:19,,17,0,3,,familyadvisor1,2018-10-18 18:36:19,False,0,True,,,,,,,,,,,,,,,,,,,,
1052670778372702219,1052670778372702219,RT @ETNOWlive: #EXCLUSIVE | Legendary American investor Howard Marks talks to @tanvirgill2 &amp; @nikunjdalmia about why despite recognizing a…,,,,,,2018-10-17T21:20:45,,0,0,13,EXCLUSIVE,ETNOWlive tanvirgill2 nikunjdalmia,2018-10-17 21:20:45,False,0,True,,,,,,,,,,,,,,,,,,,,
1052650515530752000,1052650515530752000,Some outcomes will be the result of economic events and corporate profitability; some will be determined by investor psychology and the resulting behavior; and some will simply be determined by randomness or luck. #MasteringTheMarketCycle https://t.co/iWNvRkA5M5,,,,,,2018-10-17T20:00:14,,124,2,42,MasteringTheMarketCycle,,2018-10-17 20:00:14,False,0,True,,,,,,,,,,,,,,,,,,,,
1052565282462543872,1052565282462543872,It's important to know that cycles oscillate around their midpoints. These ups and downs are caused by various phenomenon and in order to be successful we need to understand them and somewhat predict them. Learn more at https://t.co/HcrbZgegIQ. #MasteringTheMarketCycle https://t.co/wZXTxBPz0R,,,,,,2018-10-17T14:21:33,,52,1,7,MasteringTheMarketCycle,,2018-10-17 14:21:33,False,0,True,,,,,,,,,,,,,,,,,,,,
1052204241933271040,1052204241933271040,"RT @cheddar: .@HowardMarksBook discusses what he hopes readers will learn from his new book, 'Mastering the Market Cycle: Getting the Odds…",,,,,,2018-10-16T14:26:54,,0,0,8,,cheddar HowardMarksBook,2018-10-16 14:26:54,False,0,True,,,,,,,,,,,,,,,,,,,,
1052204189156294656,1052204189156294656,"Looking forward to our conversation, @farnamstreet! –HM",,,,,,2018-10-16T14:26:42,,22,2,1,,farnamstreet,2018-10-16 14:26:42,False,0,True,,,,,,,,,,,,,,,,,,,,
1052204084697227264,1052204084697227264,"RT @TDANetwork: “When you’re in the 10th year of an economic recovery and bull market, the odds are against it going on much longer - that…",,,,,,2018-10-16T14:26:17,,0,0,14,,TDANetwork,2018-10-16 14:26:17,False,0,True,,,,,,,,,,,,,,,,,,,,
1051828270134648832,1051828270134648832,"Thanks to everyone for their generous support of my, now bestselling, book, #MasteringTheMarketCycle. I am honored to be on the @nytimes and @usatoday bestseller lists. With much gratitude, –HM.",,,,,,2018-10-15T13:32:56,,239,6,14,MasteringTheMarketCycle.,nytimes usatoday,2018-10-15 13:32:56,False,0,True,,,,,,,,,,,,,,,,,,,,
1050849150290616320,1050849150290616320,"RT @hiddenforcespod: The events in the life of a cycle shouldn't be viewed merely as each being followed by the next, but - much more impor…",,,,,,2018-10-12T20:42:15,,0,0,10,,hiddenforcespod,2018-10-12 20:42:15,False,0,True,,,,,,,,,,,,,,,,,,,,
1050848903975919616,1050848903975919616,"RT @MotleyFoolMoney: Stocks vs. Bonds!! @rongross144 @aaronbush100 &amp; @MArgersinger talk Big Macro, China, retail, branding, hot IPOs &amp; more…",,,,,,2018-10-12T20:41:17,,0,0,10,,MotleyFoolMoney rongross144 aaronbush100 MArgersinger,2018-10-12 20:41:17,False,0,True,,,,,,,,,,,,,,,,,,,,
1050802251768520710,1050802251768520710,RT @800ceoread: Congrats to @HowardMarksBook! MASTERING THE MARKET CYCLE hits the New York Times bestseller list ⟶ https://t.co/7cw6ntgCKF…,,,,,,2018-10-12T17:35:54,,0,0,4,,800ceoread HowardMarksBook,2018-10-12 17:35:54,False,0,True,,,,,,,,,,,,,,,,,,,,
1050802116724449280,1050802116724449280,Had a great discussion at @uclaanderson last night. Thank you for having me. –HM,,,,,,2018-10-12T17:35:22,,21,0,4,,uclaanderson,2018-10-12 17:35:22,False,0,True,,,,,,,,,,,,,,,,,,,,
1050790784474247168,1050790784474247168,"Thank you, @TonyRobbins, for the support! –HM",,,,,,2018-10-12T16:50:20,,31,0,2,,TonyRobbins,2018-10-12 16:50:20,False,0,True,,,,,,,,,,,,,,,,,,,,
1050790103919075328,1050790103919075328,RT @BNNBloomberg: Oaktree's Howard Marks: Resist listening to market 'cheerleaders' https://t.co/pbn8GSH4pD @AmandaLang https://t.co/3FP82b…,,,,,,2018-10-12T16:47:38,,0,0,10,,BNNBloomberg AmandaLang,2018-10-12 16:47:38,False,0,True,,,,,,,,,,,,,,,,,,,,
1050383760552808448,1050383760552808448,"How you handle risk shows what kind of investor you are. Anybody can make money when the market goes up, however, can you still make that money with the risks under control? See why risk is critical towards investment success at https://t.co/HcrbZgegIQ. #MasteringTheMarketCycle https://t.co/iA7qm7qh1h",,,,,,2018-10-11T13:52:58,,90,0,29,MasteringTheMarketCycle,,2018-10-11 13:52:58,False,0,True,,,,,,,,,,,,,,,,,,,,
1050089104225050624,1050089104225050624,"Little in this world is certain– especially in investing. However, all things rise and fall and we can take advantage of the fluctuating cycles around us to help make things a little more certain. Learn more in #MasteringTheMarketCycle at https://t.co/HcrbZgegIQ. https://t.co/PbH8PVOYCh",,,,,,2018-10-10T18:22:06,,45,1,9,MasteringTheMarketCycle,,2018-10-10 18:22:06,False,0,True,,,,,,,,,,,,,,,,,,,,
